date,customer_id,location,product,category,units_sold,unit_price,payment_method,total_sales
2025-03-23 11:34:46.302295,CUST0034,Rauma,Product_1,Home,30,18.76347722378943,PayPal,562.9043167136829
2025-03-23 11:34:46.302295,CUST0056,Oulu,Product_2,Home,33,99.0659134382561,Bank Transfer,3269.1751434624516
2025-03-23 11:34:46.302295,CUST0097,Espoo,Product_3,Books,89,166.66161353653612,Bank Transfer,14832.883604751714
2025-03-23 11:34:46.302295,CUST0068,Helsinki,Product_4,Clothing,53,66.47518346463727,Bank Transfer,3523.1847236257754
2025-03-23 11:34:46.302295,CUST0014,Tampere,Product_5,Clothing,59,148.74676794712772,Cash,8776.059308880536
2025-03-23 11:34:46.302295,CUST0072,Espoo,Product_6,Electronics,41,19.147138835887155,PayPal,785.0326922713733
2025-03-23 11:34:46.302295,CUST0066,Oulu,Product_7,Books,68,176.67549686081807,PayPal,12013.933786535628
2025-03-23 11:34:46.302295,CUST0081,Espoo,Product_8,Clothing,2,136.88288981301724,Credit Card,273.7657796260345
2025-03-23 11:34:46.302295,CUST0007,Oulu,Product_9,Toys,86,179.53747464653392,Bank Transfer,15440.222819601917
2025-03-23 11:34:46.302295,CUST0062,Oulu,Product_10,Home,55,110.95013890793123,Credit Card,6102.257639936218
2025-03-24 11:34:46.302295,CUST0037,Helsinki,Product_1,Clothing,62,160.96987295303614,Cash,9980.13212308824
2025-03-24 11:34:46.302295,CUST0026,Espoo,Product_2,Clothing,30,91.54469274530781,Cash,2746.3407823592343
2025-03-24 11:34:46.302295,CUST0034,Oulu,Product_3,Home,11,199.1331280763489,Cash,2190.4644088398377
2025-03-24 11:34:46.302295,CUST0013,Rauma,Product_4,Home,50,118.93637567069142,Cash,5946.818783534571
2025-03-24 11:34:46.302295,CUST0100,Tampere,Product_5,Electronics,21,22.091772764462046,PayPal,463.92722805370295
2025-03-24 11:34:46.302295,CUST0049,Tampere,Product_6,Home,20,51.84280726168987,PayPal,1036.8561452337974
2025-03-24 11:34:46.302295,CUST0065,Oulu,Product_7,Books,44,31.837269441317698,Cash,1400.8398554179787
2025-03-24 11:34:46.302295,CUST0023,Espoo,Product_8,Home,73,182.82909569295256,Credit Card,13346.523985585538
2025-03-24 11:34:46.302295,CUST0047,Helsinki,Product_9,Toys,68,175.02478620085486,Cash,11901.685461658131
2025-03-24 11:34:46.302295,CUST0014,Espoo,Product_10,Books,98,177.0059910536308,PayPal,17346.587123255817
2025-03-25 11:34:46.302295,CUST0090,Tampere,Product_1,Electronics,65,14.776972072681819,Bank Transfer,960.5031847243182
2025-03-25 11:34:46.302295,CUST0061,Helsinki,Product_2,Books,87,91.78120796098814,PayPal,7984.9650926059685
2025-03-25 11:34:46.302295,CUST0010,Tampere,Product_3,Electronics,76,183.0285500926765,Bank Transfer,13910.169807043414
2025-03-25 11:34:46.302295,CUST0008,Tampere,Product_4,Electronics,46,157.0371345887297,Cash,7223.708191081567
2025-03-25 11:34:46.302295,CUST0089,Rauma,Product_5,Electronics,19,179.57942509142075,Credit Card,3412.0090767369943
2025-03-25 11:34:46.302295,CUST0082,Tampere,Product_6,Electronics,93,42.410563195847104,Cash,3944.1823772137805
2025-03-25 11:34:46.302295,CUST0036,Rauma,Product_7,Electronics,21,129.94843508747786,Cash,2728.9171368370353
2025-03-25 11:34:46.302295,CUST0088,Rauma,Product_8,Electronics,20,159.87243014201832,Cash,3197.448602840366
2025-03-25 11:34:46.302295,CUST0094,Tampere,Product_9,Books,51,55.11235899121319,Credit Card,2810.730308551873
2025-03-25 11:34:46.302295,CUST0081,Rauma,Product_10,Clothing,71,35.02175330968732,PayPal,2486.5444849877995
2025-03-26 11:34:46.302295,CUST0037,Helsinki,Product_1,Electronics,4,83.05715225251438,PayPal,332.22860901005754
2025-03-26 11:34:46.302295,CUST0083,Helsinki,Product_2,Clothing,45,194.44557923020875,Bank Transfer,8750.051065359394
2025-03-26 11:34:46.302295,CUST0055,Espoo,Product_3,Clothing,66,61.59806530269757,Bank Transfer,4065.4723099780394
2025-03-26 11:34:46.302295,CUST0066,Rauma,Product_4,Home,91,151.28284407354636,PayPal,13766.73881069272
2025-03-26 11:34:46.302295,CUST0058,Oulu,Product_5,Clothing,1,61.1021997070295,PayPal,61.1021997070295
2025-03-26 11:34:46.302295,CUST0005,Espoo,Product_6,Books,38,23.477121065416952,PayPal,892.1306004858442
2025-03-26 11:34:46.302295,CUST0095,Espoo,Product_7,Toys,25,10.554996198058781,Cash,263.87490495146955
2025-03-26 11:34:46.302295,CUST0088,Helsinki,Product_8,Clothing,61,99.77373745123758,Credit Card,6086.197984525493
2025-03-26 11:34:46.302295,CUST0054,Rauma,Product_9,Toys,90,182.40223129544094,Bank Transfer,16416.200816589684
2025-03-26 11:34:46.302295,CUST0018,Rauma,Product_10,Toys,83,62.5947184803481,Cash,5195.361633868893
2025-03-27 11:34:46.302295,CUST0010,Helsinki,Product_1,Clothing,65,95.58840731498547,Credit Card,6213.246475474056
2025-03-27 11:34:46.302295,CUST0057,Espoo,Product_2,Electronics,99,47.25856542029466,Credit Card,4678.597976609171
2025-03-27 11:34:46.302295,CUST0038,Espoo,Product_3,Toys,35,95.01894685126699,Credit Card,3325.6631397943447
2025-03-27 11:34:46.302295,CUST0034,Helsinki,Product_4,Books,84,49.328589903301086,Credit Card,4143.601551877291
2025-03-27 11:34:46.302295,CUST0020,Espoo,Product_5,Home,13,112.03142278675809,PayPal,1456.408496227855
2025-03-27 11:34:46.302295,CUST0058,Oulu,Product_6,Toys,49,11.456166203352812,Credit Card,561.3521439642877
2025-03-27 11:34:46.302295,CUST0071,Helsinki,Product_7,Home,62,168.33024357987236,Cash,10436.475101952086
2025-03-27 11:34:46.302295,CUST0046,Rauma,Product_8,Clothing,20,30.52489328483136,Credit Card,610.4978656966272
2025-03-27 11:34:46.302295,CUST0037,Tampere,Product_9,Toys,90,97.94187145301161,Cash,8814.768430771046
2025-03-27 11:34:46.302295,CUST0075,Tampere,Product_10,Home,49,51.51686852728476,Bank Transfer,2524.3265578369533
2025-03-28 11:34:46.302295,CUST0062,Rauma,Product_1,Toys,54,187.0332066922351,Credit Card,10099.793161380696
2025-03-28 11:34:46.302295,CUST0013,Rauma,Product_2,Clothing,9,165.16961333563643,PayPal,1486.5265200207277
2025-03-28 11:34:46.302295,CUST0042,Rauma,Product_3,Books,49,127.24263806238224,Cash,6234.8892650567295
2025-03-28 11:34:46.302295,CUST0034,Tampere,Product_4,Clothing,88,111.00389827484186,Cash,9768.343048186083
2025-03-28 11:34:46.302295,CUST0064,Tampere,Product_5,Home,59,106.40826835638369,PayPal,6278.087833026638
2025-03-28 11:34:46.302295,CUST0037,Espoo,Product_6,Toys,41,15.636962382300565,Cash,641.1154576743231
2025-03-28 11:34:46.302295,CUST0007,Oulu,Product_7,Clothing,64,143.4291655460162,Cash,9179.466594945037
2025-03-28 11:34:46.302295,CUST0039,Espoo,Product_8,Electronics,19,95.61343360679545,Credit Card,1816.6552385291136
2025-03-28 11:34:46.302295,CUST0019,Rauma,Product_9,Home,46,41.38874847419153,PayPal,1903.8824298128104
2025-03-28 11:34:46.302295,CUST0069,Espoo,Product_10,Clothing,40,90.14735392237796,PayPal,3605.8941568951186
2025-03-29 11:34:46.302295,CUST0094,Rauma,Product_1,Clothing,76,177.62912565802105,Bank Transfer,13499.8135500096
2025-03-29 11:34:46.302295,CUST0009,Helsinki,Product_2,Books,61,145.66620244870273,Cash,8885.638349370867
2025-03-29 11:34:46.302295,CUST0044,Rauma,Product_3,Clothing,12,138.17549205408108,Cash,1658.105904648973
2025-03-29 11:34:46.302295,CUST0069,Rauma,Product_4,Electronics,33,166.520173002046,PayPal,5495.165709067518
2025-03-29 11:34:46.302295,CUST0066,Tampere,Product_5,Electronics,92,166.02767368454303,Bank Transfer,15274.54597897796
2025-03-29 11:34:46.302295,CUST0086,Espoo,Product_6,Toys,8,173.94729555335834,Bank Transfer,1391.5783644268668
2025-03-29 11:34:46.302295,CUST0048,Tampere,Product_7,Clothing,46,19.715722473999136,Bank Transfer,906.9232338039603
2025-03-29 11:34:46.302295,CUST0083,Rauma,Product_8,Home,47,21.30969306607662,PayPal,1001.5555741056011
2025-03-29 11:34:46.302295,CUST0045,Tampere,Product_9,Electronics,47,175.60356818476382,Credit Card,8253.3677046839
2025-03-29 11:34:46.302295,CUST0016,Rauma,Product_10,Books,18,31.752651232521973,Cash,571.5477221853955
2025-03-30 11:34:46.302295,CUST0020,Rauma,Product_1,Electronics,94,162.06742701444725,Cash,15234.338139358042
2025-03-30 11:34:46.302295,CUST0080,Rauma,Product_2,Home,36,80.12007413457415,PayPal,2884.3226688446694
2025-03-30 11:34:46.302295,CUST0095,Rauma,Product_3,Books,19,123.30108858346998,Credit Card,2342.7206830859295
2025-03-30 11:34:46.302295,CUST0078,Oulu,Product_4,Electronics,40,152.72382908359944,Cash,6108.953163343977
2025-03-30 11:34:46.302295,CUST0027,Tampere,Product_5,Home,97,86.80554863239975,Cash,8420.138217342776
2025-03-30 11:34:46.302295,CUST0082,Helsinki,Product_6,Electronics,15,152.4716452429286,Credit Card,2287.074678643929
2025-03-30 11:34:46.302295,CUST0031,Tampere,Product_7,Books,2,137.02880287735366,Credit Card,274.0576057547073
2025-03-30 11:34:46.302295,CUST0012,Tampere,Product_8,Toys,74,78.76479825919435,Cash,5828.595071180382
2025-03-30 11:34:46.302295,CUST0070,Rauma,Product_9,Toys,75,123.7515564406285,Bank Transfer,9281.366733047138
2025-03-30 11:34:46.302295,CUST0073,Helsinki,Product_10,Clothing,14,130.85824881781303,PayPal,1832.0154834493824
2025-03-31 11:34:46.302295,CUST0026,Espoo,Product_1,Books,73,126.38895898551564,PayPal,9226.394005942642
2025-03-31 11:34:46.302295,CUST0038,Rauma,Product_2,Electronics,28,42.651211452147955,Bank Transfer,1194.2339206601428
2025-03-31 11:34:46.302295,CUST0069,Espoo,Product_3,Clothing,70,32.90609911670114,Bank Transfer,2303.42693816908
2025-03-31 11:34:46.302295,CUST0095,Rauma,Product_4,Home,2,110.69838935601956,Bank Transfer,221.39677871203912
2025-03-31 11:34:46.302295,CUST0054,Rauma,Product_5,Toys,3,111.45381978407512,PayPal,334.3614593522254
2025-03-31 11:34:46.302295,CUST0036,Espoo,Product_6,Books,40,165.80239953267764,Credit Card,6632.095981307106
2025-03-31 11:34:46.302295,CUST0026,Espoo,Product_7,Toys,41,90.18650942425141,PayPal,3697.646886394308
2025-03-31 11:34:46.302295,CUST0085,Tampere,Product_8,Electronics,35,95.28208361819456,Bank Transfer,3334.8729266368096
2025-03-31 11:34:46.302295,CUST0049,Tampere,Product_9,Toys,55,119.66797847956465,Bank Transfer,6581.738816376056
2025-03-31 11:34:46.302295,CUST0013,Helsinki,Product_10,Electronics,90,182.9255809886055,Bank Transfer,16463.302288974497
2025-04-01 11:34:46.302295,CUST0042,Espoo,Product_1,Electronics,62,116.14205532558081,Bank Transfer,7200.807430186011
2025-04-01 11:34:46.302295,CUST0050,Rauma,Product_2,Clothing,95,98.65547909247101,Bank Transfer,9372.270513784746
2025-04-01 11:34:46.302295,CUST0095,Tampere,Product_3,Home,24,133.93541323246853,Credit Card,3214.449917579245
2025-04-01 11:34:46.302295,CUST0031,Tampere,Product_4,Toys,28,83.60459127704527,Cash,2340.9285557572675
2025-04-01 11:34:46.302295,CUST0050,Helsinki,Product_5,Electronics,18,86.74059419232351,PayPal,1561.3306954618233
2025-04-01 11:34:46.302295,CUST0030,Rauma,Product_6,Toys,45,62.32242310852952,Cash,2804.5090398838283
2025-04-01 11:34:46.302295,CUST0095,Helsinki,Product_7,Home,53,173.7310740344761,Credit Card,9207.746923827233
2025-04-01 11:34:46.302295,CUST0093,Oulu,Product_8,Clothing,30,94.81970811630062,PayPal,2844.5912434890183
2025-04-01 11:34:46.302295,CUST0061,Rauma,Product_9,Toys,98,83.00552782610245,Bank Transfer,8134.54172695804
2025-04-01 11:34:46.302295,CUST0008,Oulu,Product_10,Home,67,172.9368441556439,Credit Card,11586.768558428143
2025-04-02 11:34:46.302295,CUST0070,Helsinki,Product_1,Toys,79,154.2766948929965,Cash,12187.858896546722
2025-04-02 11:34:46.302295,CUST0028,Helsinki,Product_2,Books,23,70.58469548101638,Credit Card,1623.4479960633769
2025-04-02 11:34:46.302295,CUST0050,Helsinki,Product_3,Clothing,48,12.338843573054362,Bank Transfer,592.2644915066094
2025-04-02 11:34:46.302295,CUST0026,Rauma,Product_4,Toys,57,15.209858894804954,Bank Transfer,866.9619570038824
2025-04-02 11:34:46.302295,CUST0038,Espoo,Product_5,Electronics,33,109.90439378593152,Cash,3626.84499493574
2025-04-02 11:34:46.302295,CUST0022,Helsinki,Product_6,Clothing,34,41.703438322763034,Credit Card,1417.9169029739433
2025-04-02 11:34:46.302295,CUST0047,Tampere,Product_7,Books,37,132.69069691816634,PayPal,4909.555785972155
2025-04-02 11:34:46.302295,CUST0043,Helsinki,Product_8,Toys,37,179.11843668492358,Bank Transfer,6627.382157342173
2025-04-02 11:34:46.302295,CUST0049,Oulu,Product_9,Toys,65,189.86244245877378,Bank Transfer,12341.058759820296
2025-04-02 11:34:46.302295,CUST0049,Tampere,Product_10,Home,19,14.835074382092667,Credit Card,281.8664132597607
2025-04-03 11:34:46.302295,CUST0060,Helsinki,Product_1,Electronics,60,81.99295283117473,Credit Card,4919.577169870484
2025-04-03 11:34:46.302295,CUST0063,Espoo,Product_2,Clothing,35,74.71479165044542,Credit Card,2615.01770776559
2025-04-03 11:34:46.302295,CUST0027,Helsinki,Product_3,Clothing,95,160.42684925965582,Credit Card,15240.550679667303
2025-04-03 11:34:46.302295,CUST0099,Helsinki,Product_4,Toys,11,69.13132406204478,Cash,760.4445646824926
2025-04-03 11:34:46.302295,CUST0053,Helsinki,Product_5,Electronics,38,170.95650304181916,Cash,6496.347115589128
2025-04-03 11:34:46.302295,CUST0074,Tampere,Product_6,Electronics,8,79.2728083575326,PayPal,634.1824668602608
2025-04-03 11:34:46.302295,CUST0027,Espoo,Product_7,Books,56,197.72683356956244,Credit Card,11072.702679895498
2025-04-03 11:34:46.302295,CUST0021,Oulu,Product_8,Home,65,29.999245187432354,Cash,1949.950937183103
2025-04-03 11:34:46.302295,CUST0083,Oulu,Product_9,Toys,50,102.26204293528558,Bank Transfer,5113.102146764279
2025-04-03 11:34:46.302295,CUST0002,Helsinki,Product_10,Clothing,88,106.0364724029855,Credit Card,9331.209571462723
2025-04-04 11:34:46.302295,CUST0075,Helsinki,Product_1,Electronics,75,35.799918942148054,Credit Card,2684.993920661104
2025-04-04 11:34:46.302295,CUST0100,Espoo,Product_2,Electronics,26,17.4092423892332,Credit Card,452.6403021200632
2025-04-04 11:34:46.302295,CUST0038,Rauma,Product_3,Electronics,64,88.68854262236309,Credit Card,5676.066727831238
2025-04-04 11:34:46.302295,CUST0070,Tampere,Product_4,Books,51,14.436898302355324,Credit Card,736.2818134201216
2025-04-04 11:34:46.302295,CUST0089,Rauma,Product_5,Clothing,59,37.941751607651796,Cash,2238.563344851456
2025-04-04 11:34:46.302295,CUST0071,Helsinki,Product_6,Toys,30,34.70907867711635,Bank Transfer,1041.2723603134905
2025-04-04 11:34:46.302295,CUST0032,Espoo,Product_7,Clothing,37,191.62457750151066,Bank Transfer,7090.109367555894
2025-04-04 11:34:46.302295,CUST0067,Rauma,Product_8,Toys,35,178.79669773864944,PayPal,6257.884420852731
2025-04-04 11:34:46.302295,CUST0070,Oulu,Product_9,Clothing,68,199.0230148812711,Bank Transfer,13533.565011926436
2025-04-04 11:34:46.302295,CUST0045,Oulu,Product_10,Books,73,196.96250100998822,Credit Card,14378.26257372914
2025-04-05 11:34:46.302295,CUST0037,Tampere,Product_1,Clothing,77,125.30669489961669,Bank Transfer,9648.615507270484
2025-04-05 11:34:46.302295,CUST0037,Helsinki,Product_2,Clothing,17,83.24726190001525,Bank Transfer,1415.2034523002592
2025-04-05 11:34:46.302295,CUST0027,Espoo,Product_3,Electronics,22,112.86744539604119,PayPal,2483.083798712906
2025-04-05 11:34:46.302295,CUST0077,Oulu,Product_4,Clothing,37,100.79690512422606,Cash,3729.485489596364
2025-04-05 11:34:46.302295,CUST0090,Rauma,Product_5,Home,13,112.92391435790076,Bank Transfer,1468.0108866527098
2025-04-05 11:34:46.302295,CUST0015,Helsinki,Product_6,Clothing,86,56.91241106684126,Bank Transfer,4894.467351748348
2025-04-05 11:34:46.302295,CUST0097,Oulu,Product_7,Toys,87,93.68385655936056,Bank Transfer,8150.495520664369
2025-04-05 11:34:46.302295,CUST0001,Rauma,Product_8,Clothing,42,167.0948450213196,Credit Card,7017.9834908954235
2025-04-05 11:34:46.302295,CUST0098,Helsinki,Product_9,Electronics,51,43.662475801654445,PayPal,2226.7862658843765
2025-04-05 11:34:46.302295,CUST0005,Oulu,Product_10,Electronics,85,75.06511597859553,Cash,6380.53485818062
2025-04-06 11:34:46.302295,CUST0077,Helsinki,Product_1,Electronics,21,193.61930331461738,PayPal,4066.005369606965
2025-04-06 11:34:46.302295,CUST0037,Oulu,Product_2,Electronics,68,75.98263741579643,Bank Transfer,5166.819344274158
2025-04-06 11:34:46.302295,CUST0070,Espoo,Product_3,Books,92,120.76704097127447,Bank Transfer,11110.56776935725
2025-04-06 11:34:46.302295,CUST0051,Tampere,Product_4,Books,99,38.59908341604857,Bank Transfer,3821.3092581888086
2025-04-06 11:34:46.302295,CUST0039,Espoo,Product_5,Electronics,98,102.89058804056576,PayPal,10083.277627975445
2025-04-06 11:34:46.302295,CUST0009,Oulu,Product_6,Home,51,158.65378259741658,Bank Transfer,8091.342912468245
2025-04-06 11:34:46.302295,CUST0081,Oulu,Product_7,Books,99,177.25980480829614,Credit Card,17548.72067602132
2025-04-06 11:34:46.302295,CUST0079,Rauma,Product_8,Electronics,86,118.18169862463373,PayPal,10163.626081718501
2025-04-06 11:34:46.302295,CUST0006,Helsinki,Product_9,Books,19,48.24930048626232,PayPal,916.7367092389841
2025-04-06 11:34:46.302295,CUST0012,Helsinki,Product_10,Toys,85,38.11698799950861,PayPal,3239.943979958232
2025-04-07 11:34:46.302295,CUST0008,Oulu,Product_1,Clothing,5,100.35374712249707,PayPal,501.76873561248533
2025-04-07 11:34:46.302295,CUST0047,Helsinki,Product_2,Clothing,36,182.31913367861844,Cash,6563.488812430264
2025-04-07 11:34:46.302295,CUST0025,Helsinki,Product_3,Books,64,122.67275506851355,Cash,7851.056324384867
2025-04-07 11:34:46.302295,CUST0066,Espoo,Product_4,Electronics,98,147.20721473662212,Bank Transfer,14426.307044188969
2025-04-07 11:34:46.302295,CUST0031,Helsinki,Product_5,Toys,45,97.10862066815898,Bank Transfer,4369.887930067154
2025-04-07 11:34:46.302295,CUST0067,Rauma,Product_6,Books,21,151.7134073391323,Cash,3185.981554121778
2025-04-07 11:34:46.302295,CUST0016,Oulu,Product_7,Home,92,20.970799855143017,PayPal,1929.3135866731575
2025-04-07 11:34:46.302295,CUST0083,Helsinki,Product_8,Home,56,62.39583796775782,Credit Card,3494.166926194438
2025-04-07 11:34:46.302295,CUST0046,Rauma,Product_9,Home,46,16.54763929075,Bank Transfer,761.1914073744999
2025-04-07 11:34:46.302295,CUST0042,Espoo,Product_10,Books,70,38.27123418697197,PayPal,2678.986393088038
2025-04-08 11:34:46.302295,CUST0032,Rauma,Product_1,Home,19,107.45145906796753,Credit Card,2041.5777222913832
2025-04-08 11:34:46.302295,CUST0069,Tampere,Product_2,Toys,52,174.07402927776357,PayPal,9051.849522443707
2025-04-08 11:34:46.302295,CUST0016,Helsinki,Product_3,Electronics,55,81.31268250472435,Credit Card,4472.197537759839
2025-04-08 11:34:46.302295,CUST0030,Helsinki,Product_4,Books,75,48.61238730635658,PayPal,3645.9290479767437
2025-04-08 11:34:46.302295,CUST0029,Tampere,Product_5,Electronics,88,93.83250559451204,Cash,8257.26049231706
2025-04-08 11:34:46.302295,CUST0002,Tampere,Product_6,Clothing,27,107.14233781814272,Cash,2892.8431210898534
2025-04-08 11:34:46.302295,CUST0064,Helsinki,Product_7,Electronics,81,174.45965766866493,Credit Card,14131.23227116186
2025-04-08 11:34:46.302295,CUST0035,Rauma,Product_8,Home,78,96.636062394388,Bank Transfer,7537.612866762264
2025-04-08 11:34:46.302295,CUST0018,Tampere,Product_9,Home,92,167.2285952001976,PayPal,15385.030758418177
2025-04-08 11:34:46.302295,CUST0099,Helsinki,Product_10,Clothing,4,163.25197504199264,PayPal,653.0079001679705
2025-04-09 11:34:46.302295,CUST0059,Helsinki,Product_1,Electronics,35,48.09015795039653,Credit Card,1683.1555282638785
2025-04-09 11:34:46.302295,CUST0043,Oulu,Product_2,Home,73,21.299598084783348,Cash,1554.8706601891845
2025-04-09 11:34:46.302295,CUST0050,Oulu,Product_3,Home,45,93.43846516041218,Cash,4204.730932218548
2025-04-09 11:34:46.302295,CUST0053,Oulu,Product_4,Home,97,179.68713898712883,PayPal,17429.6524817515
2025-04-09 11:34:46.302295,CUST0097,Tampere,Product_5,Electronics,19,69.26082520081329,Credit Card,1315.9556788154525
2025-04-09 11:34:46.302295,CUST0011,Espoo,Product_6,Home,67,95.18062052019022,Cash,6377.101574852744
2025-04-09 11:34:46.302295,CUST0099,Rauma,Product_7,Electronics,13,194.59127805421184,Credit Card,2529.686614704754
2025-04-09 11:34:46.302295,CUST0085,Tampere,Product_8,Clothing,61,186.01269527871648,Cash,11346.774412001705
2025-04-09 11:34:46.302295,CUST0024,Helsinki,Product_9,Toys,80,154.8933149918933,PayPal,12391.465199351464
2025-04-09 11:34:46.302295,CUST0040,Oulu,Product_10,Toys,22,140.66718806180654,Bank Transfer,3094.678137359744
2025-04-10 11:34:46.302295,CUST0050,Rauma,Product_1,Home,43,175.68918430493147,Credit Card,7554.634925112054
2025-04-10 11:34:46.302295,CUST0078,Rauma,Product_2,Toys,10,35.542674587543154,PayPal,355.42674587543155
2025-04-10 11:34:46.302295,CUST0046,Espoo,Product_3,Toys,21,78.15594982923255,Credit Card,1641.2749464138838
2025-04-10 11:34:46.302295,CUST0085,Espoo,Product_4,Toys,66,73.347391210231,Cash,4840.927819875245
2025-04-10 11:34:46.302295,CUST0040,Helsinki,Product_5,Toys,35,50.0339431347686,Bank Transfer,1751.188009716901
2025-04-10 11:34:46.302295,CUST0095,Helsinki,Product_6,Clothing,57,160.74486271801607,Bank Transfer,9162.457174926916
2025-04-10 11:34:46.302295,CUST0071,Helsinki,Product_7,Books,35,199.58596257957586,PayPal,6985.508690285155
2025-04-10 11:34:46.302295,CUST0073,Espoo,Product_8,Toys,8,198.9832418963996,Bank Transfer,1591.8659351711967
2025-04-10 11:34:46.302295,CUST0001,Espoo,Product_9,Home,71,10.440334101914635,Cash,741.2637212359391
2025-04-10 11:34:46.302295,CUST0082,Espoo,Product_10,Home,67,150.19520852669072,Cash,10063.078971288278
2025-04-11 11:34:46.302295,CUST0030,Oulu,Product_1,Home,25,130.25220282890248,PayPal,3256.305070722562
2025-04-11 11:34:46.302295,CUST0007,Oulu,Product_2,Books,15,37.141554587159334,Bank Transfer,557.12331880739
2025-04-11 11:34:46.302295,CUST0088,Helsinki,Product_3,Electronics,8,156.09532860045178,Credit Card,1248.7626288036142
2025-04-11 11:34:46.302295,CUST0023,Espoo,Product_4,Electronics,73,155.56202723116138,Cash,11356.02798787478
2025-04-11 11:34:46.302295,CUST0015,Helsinki,Product_5,Clothing,36,143.00651182669984,Bank Transfer,5148.234425761194
2025-04-11 11:34:46.302295,CUST0039,Oulu,Product_6,Home,63,26.83489565423902,Bank Transfer,1690.5984262170582
2025-04-11 11:34:46.302295,CUST0016,Helsinki,Product_7,Home,9,147.3984024282796,Credit Card,1326.5856218545164
2025-04-11 11:34:46.302295,CUST0024,Helsinki,Product_8,Home,78,87.43317589616186,Cash,6819.787719900625
2025-04-11 11:34:46.302295,CUST0033,Oulu,Product_9,Electronics,30,14.654705170853948,Cash,439.6411551256184
2025-04-11 11:34:46.302295,CUST0054,Oulu,Product_10,Home,75,76.27590145420108,Cash,5720.69260906508
2025-04-12 11:34:46.302295,CUST0025,Oulu,Product_1,Clothing,3,130.09706760618604,Bank Transfer,390.29120281855813
2025-04-12 11:34:46.302295,CUST0072,Tampere,Product_2,Clothing,77,190.06072493324945,Bank Transfer,14634.675819860207
2025-04-12 11:34:46.302295,CUST0003,Oulu,Product_3,Toys,34,11.156862165569423,Cash,379.3333136293604
2025-04-12 11:34:46.302295,CUST0052,Espoo,Product_4,Electronics,83,109.28955387398157,Bank Transfer,9071.032971540471
2025-04-12 11:34:46.302295,CUST0028,Tampere,Product_5,Toys,16,139.53224237713064,Bank Transfer,2232.5158780340903
2025-04-12 11:34:46.302295,CUST0062,Tampere,Product_6,Home,17,105.11861093337939,Credit Card,1787.0163858674496
2025-04-12 11:34:46.302295,CUST0071,Rauma,Product_7,Books,16,100.86937799709246,Bank Transfer,1613.9100479534793
2025-04-12 11:34:46.302295,CUST0053,Oulu,Product_8,Home,66,23.851348719901665,Bank Transfer,1574.18901551351
2025-04-12 11:34:46.302295,CUST0038,Rauma,Product_9,Toys,13,136.7023399927109,Bank Transfer,1777.1304199052418
2025-04-12 11:34:46.302295,CUST0050,Rauma,Product_10,Home,31,54.153021380649086,Bank Transfer,1678.7436628001217
2025-04-13 11:34:46.302295,CUST0071,Rauma,Product_1,Clothing,39,86.24814460174531,Credit Card,3363.677639468067
2025-04-13 11:34:46.302295,CUST0008,Rauma,Product_2,Home,87,186.55333019005224,PayPal,16230.139726534544
2025-04-13 11:34:46.302295,CUST0040,Tampere,Product_3,Books,55,182.16109040517443,PayPal,10018.859972284594
2025-04-13 11:34:46.302295,CUST0010,Rauma,Product_4,Home,93,120.81892356666197,Bank Transfer,11236.159891699563
2025-04-13 11:34:46.302295,CUST0052,Oulu,Product_5,Electronics,39,52.94550958503995,Cash,2064.874873816558
2025-04-13 11:34:46.302295,CUST0066,Rauma,Product_6,Clothing,30,196.0064118832137,Cash,5880.192356496411
2025-04-13 11:34:46.302295,CUST0001,Oulu,Product_7,Toys,21,50.779333919172544,Bank Transfer,1066.3660123026234
2025-04-13 11:34:46.302295,CUST0068,Rauma,Product_8,Books,19,133.0853147382004,Bank Transfer,2528.6209800258075
2025-04-13 11:34:46.302295,CUST0050,Helsinki,Product_9,Books,86,45.69014198217708,Credit Card,3929.352210467229
2025-04-13 11:34:46.302295,CUST0015,Helsinki,Product_10,Home,55,105.5859506481689,Bank Transfer,5807.22728564929
2025-04-14 11:34:46.302295,CUST0034,Helsinki,Product_1,Toys,62,96.24990114058784,Cash,5967.493870716446
2025-04-14 11:34:46.302295,CUST0090,Helsinki,Product_2,Books,72,115.38489612666817,PayPal,8307.712521120107
2025-04-14 11:34:46.302295,CUST0075,Tampere,Product_3,Books,20,139.69727203244645,Credit Card,2793.945440648929
2025-04-14 11:34:46.302295,CUST0087,Oulu,Product_4,Toys,14,98.00281618275493,PayPal,1372.039426558569
2025-04-14 11:34:46.302295,CUST0002,Tampere,Product_5,Home,53,162.75211643497886,Cash,8625.86217105388
2025-04-14 11:34:46.302295,CUST0084,Helsinki,Product_6,Books,22,117.02489688122479,Credit Card,2574.5477313869455
2025-04-14 11:34:46.302295,CUST0055,Rauma,Product_7,Toys,4,37.14643265448822,Credit Card,148.5857306179529
2025-04-14 11:34:46.302295,CUST0100,Rauma,Product_8,Home,87,146.92447760379153,PayPal,12782.429551529864
2025-04-14 11:34:46.302295,CUST0079,Oulu,Product_9,Clothing,12,104.37213033540985,Cash,1252.4655640249182
2025-04-14 11:34:46.302295,CUST0011,Rauma,Product_10,Toys,78,177.5785122471108,Bank Transfer,13851.123955274643
2025-04-15 11:34:46.302295,CUST0060,Helsinki,Product_1,Home,98,147.12709501626406,Cash,14418.455311593878
2025-04-15 11:34:46.302295,CUST0080,Helsinki,Product_2,Electronics,76,86.4648611123971,PayPal,6571.32944454218
2025-04-15 11:34:46.302295,CUST0051,Helsinki,Product_3,Electronics,57,10.025591670852211,Bank Transfer,571.4587252385761
2025-04-15 11:34:46.302295,CUST0028,Helsinki,Product_4,Home,93,18.901862620244593,Bank Transfer,1757.873223682747
2025-04-15 11:34:46.302295,CUST0095,Rauma,Product_5,Home,96,122.76229496542759,Bank Transfer,11785.180316681048
2025-04-15 11:34:46.302295,CUST0043,Tampere,Product_6,Books,81,21.911028108154515,Cash,1774.7932767605157
2025-04-15 11:34:46.302295,CUST0041,Tampere,Product_7,Electronics,50,98.72391999308604,PayPal,4936.195999654302
2025-04-15 11:34:46.302295,CUST0027,Rauma,Product_8,Books,6,56.89653514836143,Cash,341.37921089016857
2025-04-15 11:34:46.302295,CUST0009,Oulu,Product_9,Home,64,70.09132844856829,Bank Transfer,4485.845020708371
2025-04-15 11:34:46.302295,CUST0073,Oulu,Product_10,Electronics,11,167.07578538689347,Credit Card,1837.833639255828
2025-04-16 11:34:46.302295,CUST0049,Rauma,Product_1,Toys,19,117.34702795829818,Cash,2229.5935312076654
2025-04-16 11:34:46.302295,CUST0024,Tampere,Product_2,Clothing,34,69.5361043411772,PayPal,2364.2275476000245
2025-04-16 11:34:46.302295,CUST0053,Rauma,Product_3,Books,82,179.4557075140396,Credit Card,14715.368016151248
2025-04-16 11:34:46.302295,CUST0070,Oulu,Product_4,Books,13,90.25305921501811,Bank Transfer,1173.2897697952355
2025-04-16 11:34:46.302295,CUST0072,Rauma,Product_5,Books,70,81.69043025300664,Cash,5718.330117710465
2025-04-16 11:34:46.302295,CUST0099,Espoo,Product_6,Books,76,138.27661161843693,Bank Transfer,10509.022483001207
2025-04-16 11:34:46.302295,CUST0030,Helsinki,Product_7,Electronics,17,140.53366063561612,Bank Transfer,2389.0722308054737
2025-04-16 11:34:46.302295,CUST0077,Rauma,Product_8,Clothing,90,117.27951968948,Credit Card,10555.1567720532
2025-04-16 11:34:46.302295,CUST0037,Tampere,Product_9,Home,60,130.21525696223418,PayPal,7812.915417734051
2025-04-16 11:34:46.302295,CUST0044,Helsinki,Product_10,Toys,55,10.829021233558727,Cash,595.59616784573
2025-04-17 11:34:46.302295,CUST0041,Espoo,Product_1,Home,23,58.30396291225216,Credit Card,1340.9911469817996
2025-04-17 11:34:46.302295,CUST0014,Oulu,Product_2,Clothing,13,44.73337496481109,Bank Transfer,581.5338745425441
2025-04-17 11:34:46.302295,CUST0090,Espoo,Product_3,Books,24,154.59718014764877,Cash,3710.3323235435705
2025-04-17 11:34:46.302295,CUST0098,Oulu,Product_4,Clothing,17,138.46056396873811,Cash,2353.8295874685477
2025-04-17 11:34:46.302295,CUST0080,Rauma,Product_5,Electronics,25,66.6299196414942,Cash,1665.747991037355
2025-04-17 11:34:46.302295,CUST0071,Espoo,Product_6,Home,21,100.32725549151401,Bank Transfer,2106.8723653217944
2025-04-17 11:34:46.302295,CUST0084,Tampere,Product_7,Electronics,83,132.38835208042403,Credit Card,10988.233222675195
2025-04-17 11:34:46.302295,CUST0091,Espoo,Product_8,Books,42,29.913532349538702,Credit Card,1256.3683586806255
2025-04-17 11:34:46.302295,CUST0024,Rauma,Product_9,Books,48,83.172822781475,Bank Transfer,3992.2954935108
2025-04-17 11:34:46.302295,CUST0087,Oulu,Product_10,Toys,41,100.43386889221462,Credit Card,4117.7886245807995
2025-04-18 11:34:46.302295,CUST0064,Tampere,Product_1,Electronics,18,130.54058760445088,Credit Card,2349.7305768801157
2025-04-18 11:34:46.302295,CUST0009,Oulu,Product_2,Electronics,99,80.26451863756355,Credit Card,7946.187345118792
2025-04-18 11:34:46.302295,CUST0030,Oulu,Product_3,Electronics,71,155.83784941840446,Bank Transfer,11064.487308706717
2025-04-18 11:34:46.302295,CUST0082,Espoo,Product_4,Toys,82,114.8931792841418,Credit Card,9421.240701299626
2025-04-18 11:34:46.302295,CUST0054,Helsinki,Product_5,Electronics,31,146.73422515600078,Credit Card,4548.7609798360245
2025-04-18 11:34:46.302295,CUST0044,Tampere,Product_6,Electronics,9,134.89716161232442,PayPal,1214.0744545109198
2025-04-18 11:34:46.302295,CUST0009,Helsinki,Product_7,Clothing,75,148.79430858217015,PayPal,11159.573143662761
2025-04-18 11:34:46.302295,CUST0068,Helsinki,Product_8,Electronics,86,50.99072904352628,Cash,4385.20269774326
2025-04-18 11:34:46.302295,CUST0089,Rauma,Product_9,Clothing,87,125.47290322801729,Credit Card,10916.142580837504
2025-04-18 11:34:46.302295,CUST0051,Helsinki,Product_10,Electronics,34,84.99952723051734,Cash,2889.9839258375896
2025-04-19 11:34:46.302295,CUST0008,Espoo,Product_1,Toys,8,133.81155449068257,Bank Transfer,1070.4924359254605
2025-04-19 11:34:46.302295,CUST0058,Espoo,Product_2,Toys,18,150.04834458208973,Credit Card,2700.870202477615
2025-04-19 11:34:46.302295,CUST0050,Rauma,Product_3,Clothing,70,132.51819476423964,Bank Transfer,9276.273633496774
2025-04-19 11:34:46.302295,CUST0095,Helsinki,Product_4,Toys,21,139.61683731905597,Cash,2931.9535837001754
2025-04-19 11:34:46.302295,CUST0082,Espoo,Product_5,Electronics,54,47.85090222987009,Bank Transfer,2583.9487204129846
2025-04-19 11:34:46.302295,CUST0060,Oulu,Product_6,Clothing,21,64.60782332846014,Credit Card,1356.764289897663
2025-04-19 11:34:46.302295,CUST0032,Helsinki,Product_7,Electronics,99,136.70466550467512,Bank Transfer,13533.761884962836
2025-04-19 11:34:46.302295,CUST0017,Oulu,Product_8,Electronics,49,31.187320341042515,PayPal,1528.1786967110831
2025-04-19 11:34:46.302295,CUST0023,Rauma,Product_9,Clothing,10,113.3230882945851,PayPal,1133.2308829458511
2025-04-19 11:34:46.302295,CUST0018,Rauma,Product_10,Books,47,168.74124289101692,Credit Card,7930.838415877795
2025-04-20 11:34:46.302295,CUST0018,Helsinki,Product_1,Books,46,55.95888787528773,Cash,2574.1088422632356
2025-04-20 11:34:46.302295,CUST0074,Helsinki,Product_2,Books,24,169.27041831368393,Credit Card,4062.4900395284144
2025-04-20 11:34:46.302295,CUST0028,Oulu,Product_3,Clothing,81,33.62999581009694,PayPal,2724.0296606178526
2025-04-20 11:34:46.302295,CUST0052,Helsinki,Product_4,Home,10,15.970146087141856,PayPal,159.70146087141856
2025-04-20 11:34:46.302295,CUST0071,Rauma,Product_5,Toys,3,86.81505197842513,Cash,260.4451559352754
2025-04-20 11:34:46.302295,CUST0045,Tampere,Product_6,Electronics,17,182.1525182804094,Cash,3096.5928107669597
2025-04-20 11:34:46.302295,CUST0059,Espoo,Product_7,Toys,24,147.72273486985324,Bank Transfer,3545.345636876478
2025-04-20 11:34:46.302295,CUST0030,Oulu,Product_8,Electronics,25,193.0648557686418,Credit Card,4826.621394216045
2025-04-20 11:34:46.302295,CUST0076,Rauma,Product_9,Books,60,85.55304012248686,Cash,5133.182407349212
2025-04-20 11:34:46.302295,CUST0087,Rauma,Product_10,Electronics,65,69.2541330042078,PayPal,4501.518645273507
2025-04-21 11:34:46.302295,CUST0020,Oulu,Product_1,Toys,28,60.77799966078311,Credit Card,1701.783990501927
2025-04-21 11:34:46.302295,CUST0080,Oulu,Product_2,Electronics,81,109.0462490542864,Cash,8832.7461733972
2025-04-21 11:34:46.302295,CUST0053,Espoo,Product_3,Clothing,58,172.85461637269364,Credit Card,10025.567749616232
2025-04-21 11:34:46.302295,CUST0001,Tampere,Product_4,Electronics,53,24.513139548376635,PayPal,1299.1963960639616
2025-04-21 11:34:46.302295,CUST0097,Helsinki,Product_5,Books,47,163.3595520993277,Bank Transfer,7677.898948668401
2025-04-21 11:34:46.302295,CUST0024,Tampere,Product_6,Toys,34,44.530446234797964,Credit Card,1514.0351719831308
2025-04-21 11:34:46.302295,CUST0027,Helsinki,Product_7,Books,7,13.334949039659492,Credit Card,93.34464327761644
2025-04-21 11:34:46.302295,CUST0086,Oulu,Product_8,Home,25,156.89695604454758,Credit Card,3922.4239011136897
2025-04-21 11:34:46.302295,CUST0018,Oulu,Product_9,Clothing,58,52.4200432459873,Cash,3040.3625082672634
2025-04-21 11:34:46.302295,CUST0005,Tampere,Product_10,Electronics,57,80.63046603220275,Credit Card,4595.936563835557
2025-04-22 11:34:46.302295,CUST0009,Tampere,Product_1,Electronics,16,117.93757734419478,PayPal,1887.0012375071165
2025-04-22 11:34:46.302295,CUST0057,Rauma,Product_2,Home,77,195.09694432510784,Bank Transfer,15022.464713033303
2025-04-22 11:34:46.302295,CUST0008,Helsinki,Product_3,Electronics,51,14.483043282650534,PayPal,738.6352074151772
2025-04-22 11:34:46.302295,CUST0013,Oulu,Product_4,Books,75,167.65499285465253,Bank Transfer,12574.12446409894
2025-04-22 11:34:46.302295,CUST0091,Oulu,Product_5,Electronics,87,158.27146347848628,Credit Card,13769.617322628306
2025-04-22 11:34:46.302295,CUST0063,Oulu,Product_6,Books,72,49.34803445354853,Bank Transfer,3553.058480655494
2025-04-22 11:34:46.302295,CUST0020,Tampere,Product_7,Clothing,59,67.5539884783066,Cash,3985.685320220089
2025-04-22 11:34:46.302295,CUST0002,Espoo,Product_8,Toys,67,144.9257320416325,Cash,9710.024046789378
2025-04-22 11:34:46.302295,CUST0094,Oulu,Product_9,Books,29,56.854690645824675,Bank Transfer,1648.7860287289157
2025-04-22 11:34:46.302295,CUST0073,Rauma,Product_10,Books,28,99.94616748403338,Bank Transfer,2798.4926895529347
2025-04-23 11:34:46.302295,CUST0019,Espoo,Product_1,Toys,87,137.61203349374566,Bank Transfer,11972.246913955873
2025-04-23 11:34:46.302295,CUST0061,Helsinki,Product_2,Toys,4,191.98006218775873,Bank Transfer,767.9202487510349
2025-04-23 11:34:46.302295,CUST0066,Tampere,Product_3,Clothing,9,55.440167778626176,Bank Transfer,498.9615100076356
2025-04-23 11:34:46.302295,CUST0078,Espoo,Product_4,Books,56,198.3523012972019,Bank Transfer,11107.728872643307
2025-04-23 11:34:46.302295,CUST0086,Espoo,Product_5,Books,50,132.4723232010453,Cash,6623.616160052265
2025-04-23 11:34:46.302295,CUST0033,Rauma,Product_6,Toys,32,24.364957717182648,Credit Card,779.6786469498447
2025-04-23 11:34:46.302295,CUST0049,Helsinki,Product_7,Clothing,17,52.822440921285505,Credit Card,897.9814956618536
2025-04-23 11:34:46.302295,CUST0094,Oulu,Product_8,Toys,71,36.752560289608454,Bank Transfer,2609.4317805622004
2025-04-23 11:34:46.302295,CUST0036,Tampere,Product_9,Books,26,170.96694341638053,Cash,4445.140528825894
2025-04-23 11:34:46.302295,CUST0019,Oulu,Product_10,Home,45,62.485091745279085,Cash,2811.829128537559
2025-04-24 11:34:46.302295,CUST0052,Tampere,Product_1,Clothing,77,164.11351628735946,PayPal,12636.740754126678
2025-04-24 11:34:46.302295,CUST0007,Espoo,Product_2,Home,68,83.75148416412915,Cash,5695.100923160782
2025-04-24 11:34:46.302295,CUST0027,Tampere,Product_3,Clothing,28,132.1355938120331,Credit Card,3699.796626736927
2025-04-24 11:34:46.302295,CUST0052,Tampere,Product_4,Books,65,75.5865196139,PayPal,4913.1237749035
2025-04-24 11:34:46.302295,CUST0011,Espoo,Product_5,Electronics,52,74.09462679323445,PayPal,3852.920593248192
2025-04-24 11:34:46.302295,CUST0061,Espoo,Product_6,Clothing,54,99.29777095000796,Credit Card,5362.079631300429
2025-04-24 11:34:46.302295,CUST0021,Rauma,Product_7,Books,47,21.519495952628958,Cash,1011.416309773561
2025-04-24 11:34:46.302295,CUST0049,Tampere,Product_8,Clothing,46,21.818612971293522,Credit Card,1003.656196679502
2025-04-24 11:34:46.302295,CUST0082,Oulu,Product_9,Electronics,5,104.48936477210476,Credit Card,522.4468238605239
2025-04-24 11:34:46.302295,CUST0078,Rauma,Product_10,Home,75,18.467126455249037,PayPal,1385.0344841436777
2025-04-25 11:34:46.302295,CUST0044,Helsinki,Product_1,Home,33,192.00748300078638,PayPal,6336.24693902595
2025-04-25 11:34:46.302295,CUST0004,Espoo,Product_2,Books,27,154.60677814453635,Bank Transfer,4174.383009902482
2025-04-25 11:34:46.302295,CUST0053,Rauma,Product_3,Home,96,105.11467851939443,Bank Transfer,10091.009137861865
2025-04-25 11:34:46.302295,CUST0074,Espoo,Product_4,Electronics,21,192.838938567679,Cash,4049.617709921259
2025-04-25 11:34:46.302295,CUST0056,Tampere,Product_5,Toys,6,62.193724859099476,Cash,373.1623491545969
2025-04-25 11:34:46.302295,CUST0032,Oulu,Product_6,Toys,86,154.56232545775416,Cash,13292.359989366858
2025-04-25 11:34:46.302295,CUST0081,Tampere,Product_7,Home,78,113.84965698613603,Bank Transfer,8880.27324491861
2025-04-25 11:34:46.302295,CUST0052,Espoo,Product_8,Toys,13,97.1336092676296,Cash,1262.7369204791848
2025-04-25 11:34:46.302295,CUST0002,Tampere,Product_9,Electronics,3,41.492458165829625,Cash,124.47737449748888
2025-04-25 11:34:46.302295,CUST0056,Rauma,Product_10,Clothing,93,101.45334154177633,Cash,9435.160763385198
2025-04-26 11:34:46.302295,CUST0073,Espoo,Product_1,Toys,33,36.02982198019756,Bank Transfer,1188.9841253465195
2025-04-26 11:34:46.302295,CUST0049,Oulu,Product_2,Electronics,75,160.6971460593805,Cash,12052.285954453537
2025-04-26 11:34:46.302295,CUST0035,Rauma,Product_3,Home,11,84.45307631772499,PayPal,928.983839494975
2025-04-26 11:34:46.302295,CUST0019,Oulu,Product_4,Books,70,30.689729656397425,Bank Transfer,2148.2810759478198
2025-04-26 11:34:46.302295,CUST0095,Rauma,Product_5,Electronics,68,190.77166396874813,PayPal,12972.473149874873
2025-04-26 11:34:46.302295,CUST0003,Espoo,Product_6,Home,48,87.2680732997308,Cash,4188.867518387078
2025-04-26 11:34:46.302295,CUST0013,Tampere,Product_7,Home,59,196.41730904044616,Bank Transfer,11588.621233386324
2025-04-26 11:34:46.302295,CUST0087,Espoo,Product_8,Clothing,76,59.312938803457165,Credit Card,4507.7833490627445
2025-04-26 11:34:46.302295,CUST0009,Oulu,Product_9,Home,89,184.6836068688078,Bank Transfer,16436.841011323893
2025-04-26 11:34:46.302295,CUST0029,Oulu,Product_10,Toys,87,23.885496785132847,Cash,2078.038220306558
2025-04-27 11:34:46.302295,CUST0089,Espoo,Product_1,Clothing,82,196.42378898483597,Bank Transfer,16106.75069675655
2025-04-27 11:34:46.302295,CUST0084,Espoo,Product_2,Clothing,4,167.5844091221174,Cash,670.3376364884696
2025-04-27 11:34:46.302295,CUST0031,Rauma,Product_3,Home,29,182.50077081812768,Credit Card,5292.5223537257025
2025-04-27 11:34:46.302295,CUST0092,Helsinki,Product_4,Books,98,142.67911987323882,Bank Transfer,13982.553747577404
2025-04-27 11:34:46.302295,CUST0006,Helsinki,Product_5,Books,43,109.07733135707967,Bank Transfer,4690.325248354426
2025-04-27 11:34:46.302295,CUST0087,Espoo,Product_6,Clothing,66,193.74000947094663,PayPal,12786.840625082477
2025-04-27 11:34:46.302295,CUST0098,Helsinki,Product_7,Clothing,8,40.71757288502276,Bank Transfer,325.7405830801821
2025-04-27 11:34:46.302295,CUST0022,Tampere,Product_8,Electronics,8,156.88691792251856,Credit Card,1255.0953433801485
2025-04-27 11:34:46.302295,CUST0011,Rauma,Product_9,Home,94,131.7168848742886,Bank Transfer,12381.38717818313
2025-04-27 11:34:46.302295,CUST0077,Oulu,Product_10,Toys,39,158.45627971673719,Cash,6179.79490895275
2025-04-28 11:34:46.302295,CUST0073,Espoo,Product_1,Clothing,84,117.3662093660237,PayPal,9858.76158674599
2025-04-28 11:34:46.302295,CUST0068,Rauma,Product_2,Home,86,172.4893271534903,Cash,14834.082135200166
2025-04-28 11:34:46.302295,CUST0056,Rauma,Product_3,Books,44,12.29959218746041,Credit Card,541.182056248258
2025-04-28 11:34:46.302295,CUST0027,Oulu,Product_4,Toys,74,159.03996302064937,Bank Transfer,11768.957263528053
2025-04-28 11:34:46.302295,CUST0036,Espoo,Product_5,Home,92,185.9768730020386,PayPal,17109.87231618755
2025-04-28 11:34:46.302295,CUST0032,Helsinki,Product_6,Electronics,42,162.903093178042,Credit Card,6841.929913477765
2025-04-28 11:34:46.302295,CUST0026,Tampere,Product_7,Electronics,85,52.19441543173091,Credit Card,4436.525311697127
2025-04-28 11:34:46.302295,CUST0001,Oulu,Product_8,Books,66,107.7898872530734,Credit Card,7114.132558702844
2025-04-28 11:34:46.302295,CUST0066,Rauma,Product_9,Toys,48,28.12586268951002,Credit Card,1350.041409096481
2025-04-28 11:34:46.302295,CUST0100,Tampere,Product_10,Books,27,15.54225509260025,Bank Transfer,419.64088750020676
2025-04-29 11:34:46.302295,CUST0008,Rauma,Product_1,Books,67,179.98213153975055,Bank Transfer,12058.802813163287
2025-04-29 11:34:46.302295,CUST0080,Espoo,Product_2,Clothing,45,32.5154984836488,PayPal,1463.197431764196
2025-04-29 11:34:46.302295,CUST0059,Rauma,Product_3,Clothing,9,39.22333468190548,Credit Card,353.0100121371493
2025-04-29 11:34:46.302295,CUST0053,Oulu,Product_4,Clothing,27,191.42092867730895,Cash,5168.3650742873415
2025-04-29 11:34:46.302295,CUST0044,Helsinki,Product_5,Electronics,1,18.533146809167015,PayPal,18.533146809167015
2025-04-29 11:34:46.302295,CUST0024,Espoo,Product_6,Books,93,101.49437465241232,Credit Card,9438.976842674345
2025-04-29 11:34:46.302295,CUST0070,Espoo,Product_7,Electronics,67,84.5670553836012,Cash,5665.992710701281
2025-04-29 11:34:46.302295,CUST0026,Espoo,Product_8,Toys,94,184.50102210762765,Credit Card,17343.096078117
2025-04-29 11:34:46.302295,CUST0006,Espoo,Product_9,Toys,91,62.35410845170185,Bank Transfer,5674.223869104868
2025-04-29 11:34:46.302295,CUST0076,Oulu,Product_10,Clothing,17,159.63432631316806,Bank Transfer,2713.783547323857
2025-04-30 11:34:46.302295,CUST0043,Tampere,Product_1,Books,93,117.17406547836838,PayPal,10897.18808948826
2025-04-30 11:34:46.302295,CUST0059,Espoo,Product_2,Home,91,88.96474022239374,Credit Card,8095.79136023783
2025-04-30 11:34:46.302295,CUST0070,Helsinki,Product_3,Home,65,55.67579344976631,Bank Transfer,3618.9265742348102
2025-04-30 11:34:46.302295,CUST0091,Rauma,Product_4,Electronics,58,176.6975663189994,PayPal,10248.458846501966
2025-04-30 11:34:46.302295,CUST0073,Espoo,Product_5,Electronics,20,29.34269976041201,Cash,586.8539952082402
2025-04-30 11:34:46.302295,CUST0027,Oulu,Product_6,Toys,10,169.5650708076509,PayPal,1695.650708076509
2025-04-30 11:34:46.302295,CUST0080,Rauma,Product_7,Clothing,41,17.396693031876815,PayPal,713.2644143069494
2025-04-30 11:34:46.302295,CUST0029,Rauma,Product_8,Clothing,65,43.29213670010719,Cash,2813.9888855069676
2025-04-30 11:34:46.302295,CUST0088,Helsinki,Product_9,Electronics,98,139.1144861554426,PayPal,13633.219643233373
2025-04-30 11:34:46.302295,CUST0061,Rauma,Product_10,Electronics,41,190.58724240930619,PayPal,7814.0769387815535
2025-05-01 11:34:46.302295,CUST0031,Oulu,Product_1,Clothing,69,146.6403804194681,PayPal,10118.186248943299
2025-05-01 11:34:46.302295,CUST0001,Espoo,Product_2,Toys,56,120.21687858719638,Bank Transfer,6732.145200882997
2025-05-01 11:34:46.302295,CUST0069,Oulu,Product_3,Clothing,99,72.00430187707758,PayPal,7128.42588583068
2025-05-01 11:34:46.302295,CUST0034,Oulu,Product_4,Toys,19,37.32472655981461,Credit Card,709.1698046364776
2025-05-01 11:34:46.302295,CUST0072,Espoo,Product_5,Electronics,71,179.87791748131764,Credit Card,12771.332141173552
2025-05-01 11:34:46.302295,CUST0062,Helsinki,Product_6,Books,71,170.71141458739385,Cash,12120.510435704964
2025-05-01 11:34:46.302295,CUST0068,Rauma,Product_7,Clothing,5,89.69511885188957,PayPal,448.47559425944786
2025-05-01 11:34:46.302295,CUST0063,Oulu,Product_8,Electronics,4,166.40055783468327,Cash,665.6022313387331
2025-05-01 11:34:46.302295,CUST0089,Rauma,Product_9,Electronics,84,104.53257190775942,Cash,8780.736040251792
2025-05-01 11:34:46.302295,CUST0068,Espoo,Product_10,Electronics,93,58.508724535747014,PayPal,5441.311381824472
2025-05-02 11:34:46.302295,CUST0020,Espoo,Product_1,Books,19,122.82247135382694,PayPal,2333.626955722712
2025-05-02 11:34:46.302295,CUST0052,Tampere,Product_2,Toys,46,49.34440375006249,PayPal,2269.8425725028746
2025-05-02 11:34:46.302295,CUST0035,Tampere,Product_3,Home,91,23.111442596435097,Cash,2103.141276275594
2025-05-02 11:34:46.302295,CUST0012,Rauma,Product_4,Electronics,15,177.104348438344,PayPal,2656.56522657516
2025-05-02 11:34:46.302295,CUST0074,Espoo,Product_5,Home,1,87.78829364523348,Credit Card,87.78829364523348
2025-05-02 11:34:46.302295,CUST0074,Rauma,Product_6,Electronics,24,167.08188592498692,Bank Transfer,4009.965262199686
2025-05-02 11:34:46.302295,CUST0015,Oulu,Product_7,Books,63,73.11629629196487,PayPal,4606.326666393787
2025-05-02 11:34:46.302295,CUST0010,Oulu,Product_8,Clothing,98,157.0421821364264,Credit Card,15390.133849369786
2025-05-02 11:34:46.302295,CUST0049,Helsinki,Product_9,Toys,24,134.38363050453137,Credit Card,3225.207132108753
2025-05-02 11:34:46.302295,CUST0100,Tampere,Product_10,Home,67,107.97528711272615,Cash,7234.344236552652
2025-05-03 11:34:46.302295,CUST0014,Espoo,Product_1,Toys,49,112.42796501984165,Cash,5508.970285972241
2025-05-03 11:34:46.302295,CUST0043,Espoo,Product_2,Electronics,23,186.89189446820697,PayPal,4298.51357276876
2025-05-03 11:34:46.302295,CUST0055,Helsinki,Product_3,Home,95,34.29469223225934,Bank Transfer,3257.995762064637
2025-05-03 11:34:46.302295,CUST0099,Tampere,Product_4,Electronics,62,111.08411900700784,Cash,6887.215378434486
2025-05-03 11:34:46.302295,CUST0023,Espoo,Product_5,Books,60,109.2769344062618,Cash,6556.616064375708
2025-05-03 11:34:46.302295,CUST0003,Espoo,Product_6,Electronics,57,194.88485096474324,Bank Transfer,11108.436504990364
2025-05-03 11:34:46.302295,CUST0044,Rauma,Product_7,Electronics,7,48.67989173380848,PayPal,340.7592421366594
2025-05-03 11:34:46.302295,CUST0047,Oulu,Product_8,Electronics,85,67.7490773284552,Cash,5758.671572918692
2025-05-03 11:34:46.302295,CUST0026,Espoo,Product_9,Home,3,177.7195323279502,PayPal,533.1585969838505
2025-05-03 11:34:46.302295,CUST0049,Rauma,Product_10,Clothing,86,148.5755108767193,Bank Transfer,12777.49393539786
2025-05-04 11:34:46.302295,CUST0066,Rauma,Product_1,Electronics,92,68.91606228512346,Credit Card,6340.277730231358
2025-05-04 11:34:46.302295,CUST0001,Oulu,Product_2,Toys,36,150.96030212215587,Cash,5434.570876397611
2025-05-04 11:34:46.302295,CUST0027,Oulu,Product_3,Home,69,154.22309845909137,PayPal,10641.393793677305
2025-05-04 11:34:46.302295,CUST0068,Tampere,Product_4,Clothing,58,67.55687207168155,PayPal,3918.29858015753
2025-05-04 11:34:46.302295,CUST0054,Tampere,Product_5,Electronics,62,165.42508233635166,PayPal,10256.355104853803
2025-05-04 11:34:46.302295,CUST0072,Rauma,Product_6,Toys,27,61.57332975049804,Cash,1662.479903263447
2025-05-04 11:34:46.302295,CUST0010,Rauma,Product_7,Toys,57,80.47879154997538,Credit Card,4587.291118348597
2025-05-04 11:34:46.302295,CUST0086,Rauma,Product_8,Home,47,163.27176874200046,Credit Card,7673.773130874021
2025-05-04 11:34:46.302295,CUST0084,Espoo,Product_9,Toys,39,51.892802590930216,Cash,2023.8193010462785
2025-05-04 11:34:46.302295,CUST0084,Espoo,Product_10,Home,22,84.70708819530523,Bank Transfer,1863.555940296715
2025-05-05 11:34:46.302295,CUST0058,Espoo,Product_1,Electronics,21,38.424275410120984,PayPal,806.9097836125407
2025-05-05 11:34:46.302295,CUST0100,Tampere,Product_2,Books,16,24.90660510025355,Cash,398.5056816040568
2025-05-05 11:34:46.302295,CUST0030,Oulu,Product_3,Home,31,153.22764310815154,Cash,4750.056936352697
2025-05-05 11:34:46.302295,CUST0065,Oulu,Product_4,Clothing,32,41.79104776020147,Credit Card,1337.313528326447
2025-05-05 11:34:46.302295,CUST0032,Tampere,Product_5,Clothing,9,61.080881066040234,PayPal,549.7279295943621
2025-05-05 11:34:46.302295,CUST0038,Espoo,Product_6,Clothing,96,18.060236659309425,Credit Card,1733.7827192937048
2025-05-05 11:34:46.302295,CUST0074,Oulu,Product_7,Home,17,124.29523706696658,Cash,2113.019030138432
2025-05-05 11:34:46.302295,CUST0019,Rauma,Product_8,Clothing,52,130.11030484542692,Cash,6765.7358519622
2025-05-05 11:34:46.302295,CUST0068,Rauma,Product_9,Toys,21,116.41742251424515,Bank Transfer,2444.765872799148
2025-05-05 11:34:46.302295,CUST0075,Espoo,Product_10,Books,65,144.6130425236315,Bank Transfer,9399.847764036047
2025-05-06 11:34:46.302295,CUST0007,Helsinki,Product_1,Electronics,51,80.1633463409528,Credit Card,4088.3306633885927
2025-05-06 11:34:46.302295,CUST0087,Rauma,Product_2,Home,88,40.214750710649646,Cash,3538.8980625371687
2025-05-06 11:34:46.302295,CUST0019,Tampere,Product_3,Clothing,15,145.72206078964953,Credit Card,2185.830911844743
2025-05-06 11:34:46.302295,CUST0095,Espoo,Product_4,Home,70,184.9889590083494,Credit Card,12949.227130584459
2025-05-06 11:34:46.302295,CUST0073,Helsinki,Product_5,Toys,23,33.77379885693192,Bank Transfer,776.7973737094342
2025-05-06 11:34:46.302295,CUST0083,Rauma,Product_6,Clothing,57,62.07360197501629,PayPal,3538.1953125759283
2025-05-06 11:34:46.302295,CUST0003,Helsinki,Product_7,Books,41,47.09571456173349,Credit Card,1930.924297031073
2025-05-06 11:34:46.302295,CUST0005,Helsinki,Product_8,Clothing,13,50.54473611538101,PayPal,657.0815694999532
2025-05-06 11:34:46.302295,CUST0042,Espoo,Product_9,Home,84,195.9198389939367,Cash,16457.266475490684
2025-05-06 11:34:46.302295,CUST0095,Espoo,Product_10,Electronics,3,32.58613432364368,Bank Transfer,97.75840297093103
2025-05-07 11:34:46.302295,CUST0093,Rauma,Product_1,Home,49,148.14078470692414,Credit Card,7258.898450639283
2025-05-07 11:34:46.302295,CUST0060,Rauma,Product_2,Home,47,92.71160207649487,Bank Transfer,4357.445297595259
2025-05-07 11:34:46.302295,CUST0066,Tampere,Product_3,Books,64,104.2891630476487,PayPal,6674.506435049517
2025-05-07 11:34:46.302295,CUST0062,Oulu,Product_4,Home,67,101.67507984471852,Cash,6812.230349596141
2025-05-07 11:34:46.302295,CUST0080,Oulu,Product_5,Home,32,83.57508152383822,Credit Card,2674.402608762823
2025-05-07 11:34:46.302295,CUST0009,Helsinki,Product_6,Home,68,83.02745731958562,Credit Card,5645.8670977318225
2025-05-07 11:34:46.302295,CUST0034,Helsinki,Product_7,Books,83,158.6125399873368,Credit Card,13164.840818948953
2025-05-07 11:34:46.302295,CUST0099,Rauma,Product_8,Home,35,12.16941685627399,PayPal,425.92958996958964
2025-05-07 11:34:46.302295,CUST0073,Oulu,Product_9,Clothing,58,127.02326397857703,PayPal,7367.349310757468
2025-05-07 11:34:46.302295,CUST0055,Oulu,Product_10,Books,34,93.15565234815865,Bank Transfer,3167.292179837394
2025-05-08 11:34:46.302295,CUST0060,Rauma,Product_1,Toys,4,116.20632047895707,Cash,464.82528191582827
2025-05-08 11:34:46.302295,CUST0081,Tampere,Product_2,Toys,29,165.25434698296118,PayPal,4792.376062505874
2025-05-08 11:34:46.302295,CUST0070,Rauma,Product_3,Electronics,97,193.73670229866778,PayPal,18792.460122970773
2025-05-08 11:34:46.302295,CUST0015,Oulu,Product_4,Electronics,83,91.62322927945229,Cash,7604.72803019454
2025-05-08 11:34:46.302295,CUST0015,Tampere,Product_5,Electronics,69,146.5062499912845,Credit Card,10108.93124939863
2025-05-08 11:34:46.302295,CUST0091,Rauma,Product_6,Books,6,32.51354816599611,Bank Transfer,195.08128899597668
2025-05-08 11:34:46.302295,CUST0071,Espoo,Product_7,Electronics,64,145.73804508905368,Bank Transfer,9327.234885699436
2025-05-08 11:34:46.302295,CUST0048,Helsinki,Product_8,Electronics,19,85.34519957809302,Credit Card,1621.5587919837674
2025-05-08 11:34:46.302295,CUST0049,Oulu,Product_9,Clothing,43,174.40619419269336,PayPal,7499.466350285815
2025-05-08 11:34:46.302295,CUST0080,Tampere,Product_10,Toys,20,138.658958366958,PayPal,2773.17916733916
2025-05-09 11:34:46.302295,CUST0023,Oulu,Product_1,Books,44,65.10865107286301,Cash,2864.7806472059724
2025-05-09 11:34:46.302295,CUST0088,Rauma,Product_2,Toys,22,137.8135688996906,PayPal,3031.8985157931934
2025-05-09 11:34:46.302295,CUST0014,Helsinki,Product_3,Clothing,72,57.5889007705748,Cash,4146.400855481385
2025-05-09 11:34:46.302295,CUST0087,Rauma,Product_4,Toys,56,187.70644872361225,Bank Transfer,10511.561128522286
2025-05-09 11:34:46.302295,CUST0030,Rauma,Product_5,Home,16,196.56208263454243,PayPal,3144.993322152679
2025-05-09 11:34:46.302295,CUST0005,Tampere,Product_6,Electronics,51,12.309786580703493,Cash,627.7991156158781
2025-05-09 11:34:46.302295,CUST0043,Espoo,Product_7,Home,80,40.93485943860412,Cash,3274.7887550883297
2025-05-09 11:34:46.302295,CUST0042,Oulu,Product_8,Electronics,97,114.28314636469763,Credit Card,11085.46519737567
2025-05-09 11:34:46.302295,CUST0032,Espoo,Product_9,Books,53,68.28755390920682,Bank Transfer,3619.2403571879613
2025-05-09 11:34:46.302295,CUST0089,Tampere,Product_10,Home,27,88.21453748677347,Credit Card,2381.7925121428834
2025-05-10 11:34:46.302295,CUST0057,Tampere,Product_1,Electronics,6,73.46949347706615,PayPal,440.8169608623969
2025-05-10 11:34:46.302295,CUST0070,Helsinki,Product_2,Electronics,57,176.81705442711862,PayPal,10078.57210234576
2025-05-10 11:34:46.302295,CUST0064,Tampere,Product_3,Clothing,69,22.987108058892137,Credit Card,1586.1104560635574
2025-05-10 11:34:46.302295,CUST0049,Helsinki,Product_4,Electronics,59,77.61240425925017,PayPal,4579.13185129576
2025-05-10 11:34:46.302295,CUST0012,Oulu,Product_5,Home,50,92.2257071238599,Bank Transfer,4611.285356192995
2025-05-10 11:34:46.302295,CUST0074,Tampere,Product_6,Electronics,19,138.73277964567146,Bank Transfer,2635.9228132677576
2025-05-10 11:34:46.302295,CUST0029,Oulu,Product_7,Toys,66,49.02626761082558,Bank Transfer,3235.733662314488
2025-05-10 11:34:46.302295,CUST0008,Tampere,Product_8,Clothing,39,189.44523071191765,Credit Card,7388.363997764788
2025-05-10 11:34:46.302295,CUST0073,Espoo,Product_9,Home,13,159.12374636218723,Bank Transfer,2068.608702708434
2025-05-10 11:34:46.302295,CUST0078,Helsinki,Product_10,Electronics,7,130.13360919115155,Bank Transfer,910.9352643380608
2025-05-11 11:34:46.302295,CUST0040,Helsinki,Product_1,Home,14,158.38921978684837,Credit Card,2217.4490770158773
2025-05-11 11:34:46.302295,CUST0085,Rauma,Product_2,Toys,54,124.20951216862237,Bank Transfer,6707.3136571056075
2025-05-11 11:34:46.302295,CUST0016,Tampere,Product_3,Clothing,20,62.79202745704533,Bank Transfer,1255.8405491409067
2025-05-11 11:34:46.302295,CUST0023,Oulu,Product_4,Toys,82,188.8417651659518,Cash,15485.024743608048
2025-05-11 11:34:46.302295,CUST0071,Helsinki,Product_5,Electronics,57,12.18132535238179,PayPal,694.3355450857621
2025-05-11 11:34:46.302295,CUST0065,Helsinki,Product_6,Clothing,62,108.55318893231305,Credit Card,6730.297713803409
2025-05-11 11:34:46.302295,CUST0094,Espoo,Product_7,Clothing,17,29.593058857534402,Cash,503.08200057808483
2025-05-11 11:34:46.302295,CUST0094,Espoo,Product_8,Electronics,58,31.5276658982182,Credit Card,1828.6046220966555
2025-05-11 11:34:46.302295,CUST0074,Rauma,Product_9,Toys,62,115.54413058011343,Credit Card,7163.736095967033
2025-05-11 11:34:46.302295,CUST0035,Tampere,Product_10,Toys,82,143.86534132521462,Bank Transfer,11796.957988667598
2025-05-12 11:34:46.302295,CUST0065,Espoo,Product_1,Books,41,48.8437090504139,Bank Transfer,2002.5920710669698
2025-05-12 11:34:46.302295,CUST0069,Rauma,Product_2,Electronics,49,85.54635192504541,Bank Transfer,4191.771244327225
2025-05-12 11:34:46.302295,CUST0062,Helsinki,Product_3,Clothing,3,49.01325835429196,PayPal,147.0397750628759
2025-05-12 11:34:46.302295,CUST0096,Oulu,Product_4,Toys,89,150.63066006467798,Cash,13406.128745756341
2025-05-12 11:34:46.302295,CUST0015,Oulu,Product_5,Clothing,2,64.61771633047752,Bank Transfer,129.23543266095504
2025-05-12 11:34:46.302295,CUST0073,Tampere,Product_6,Clothing,74,141.05798135714303,Bank Transfer,10438.290620428585
2025-05-12 11:34:46.302295,CUST0001,Rauma,Product_7,Clothing,26,124.69106810628126,PayPal,3241.9677707633127
2025-05-12 11:34:46.302295,CUST0007,Helsinki,Product_8,Books,39,42.70101453632776,PayPal,1665.3395669167826
2025-05-12 11:34:46.302295,CUST0047,Rauma,Product_9,Toys,20,66.4852501583934,PayPal,1329.705003167868
2025-05-12 11:34:46.302295,CUST0062,Tampere,Product_10,Toys,54,142.20152075453453,Cash,7678.882120744865
2025-05-13 11:34:46.302295,CUST0033,Rauma,Product_1,Home,19,128.49326787515056,PayPal,2441.3720896278605
2025-05-13 11:34:46.302295,CUST0082,Tampere,Product_2,Home,66,60.806385292932845,PayPal,4013.221429333568
2025-05-13 11:34:46.302295,CUST0084,Helsinki,Product_3,Toys,34,143.72053908819646,Credit Card,4886.498328998679
2025-05-13 11:34:46.302295,CUST0034,Espoo,Product_4,Electronics,6,57.66967868130947,PayPal,346.0180720878568
2025-05-13 11:34:46.302295,CUST0045,Tampere,Product_5,Toys,10,95.63043023839349,Cash,956.3043023839349
2025-05-13 11:34:46.302295,CUST0091,Helsinki,Product_6,Toys,96,125.90140924510229,Cash,12086.53528752982
2025-05-13 11:34:46.302295,CUST0072,Helsinki,Product_7,Home,59,61.5082882151725,Cash,3628.9890046951773
2025-05-13 11:34:46.302295,CUST0009,Espoo,Product_8,Clothing,2,174.55817038622138,Credit Card,349.11634077244275
2025-05-13 11:34:46.302295,CUST0093,Espoo,Product_9,Home,65,32.24254787059205,Bank Transfer,2095.7656115884834
2025-05-13 11:34:46.302295,CUST0004,Espoo,Product_10,Home,89,39.417436393566774,Cash,3508.1518390274427
2025-05-14 11:34:46.302295,CUST0080,Rauma,Product_1,Electronics,79,50.486151650113555,PayPal,3988.4059803589707
2025-05-14 11:34:46.302295,CUST0062,Oulu,Product_2,Toys,51,177.76882671765688,Credit Card,9066.2101626005
2025-05-14 11:34:46.302295,CUST0063,Rauma,Product_3,Toys,22,128.78890621078403,Cash,2833.3559366372488
2025-05-14 11:34:46.302295,CUST0014,Oulu,Product_4,Electronics,30,139.22125823492482,Cash,4176.637747047745
2025-05-14 11:34:46.302295,CUST0080,Helsinki,Product_5,Electronics,28,129.22244863901307,PayPal,3618.228561892366
2025-05-14 11:34:46.302295,CUST0075,Tampere,Product_6,Electronics,45,120.75595079281,Bank Transfer,5434.01778567645
2025-05-14 11:34:46.302295,CUST0094,Oulu,Product_7,Toys,49,112.97811422905552,PayPal,5535.92759722372
2025-05-14 11:34:46.302295,CUST0025,Oulu,Product_8,Clothing,83,191.9403928659253,Cash,15931.0526078718
2025-05-14 11:34:46.302295,CUST0064,Espoo,Product_9,Toys,36,147.8879229691796,Cash,5323.9652268904665
2025-05-14 11:34:46.302295,CUST0034,Oulu,Product_10,Home,46,45.82271509235772,Cash,2107.844894248455
2025-05-15 11:34:46.302295,CUST0068,Rauma,Product_1,Books,32,50.78689415478199,Bank Transfer,1625.1806129530237
2025-05-15 11:34:46.302295,CUST0065,Rauma,Product_2,Toys,38,29.35968916585799,Cash,1115.6681883026035
2025-05-15 11:34:46.302295,CUST0013,Rauma,Product_3,Home,27,92.38073060019673,Bank Transfer,2494.279726205312
2025-05-15 11:34:46.302295,CUST0084,Espoo,Product_4,Clothing,35,179.11083483839798,Bank Transfer,6268.879219343929
2025-05-15 11:34:46.302295,CUST0027,Espoo,Product_5,Electronics,85,183.7642461312262,Credit Card,15619.960921154227
2025-05-15 11:34:46.302295,CUST0070,Oulu,Product_6,Home,28,173.65072890486726,Credit Card,4862.220409336283
2025-05-15 11:34:46.302295,CUST0072,Helsinki,Product_7,Books,4,92.53663061125586,Bank Transfer,370.14652244502344
2025-05-15 11:34:46.302295,CUST0064,Helsinki,Product_8,Clothing,73,93.29314620584465,Cash,6810.399673026659
2025-05-15 11:34:46.302295,CUST0055,Helsinki,Product_9,Home,19,121.99625800209246,PayPal,2317.928902039757
2025-05-15 11:34:46.302295,CUST0082,Helsinki,Product_10,Clothing,17,113.90643351644847,Credit Card,1936.409369779624
2025-05-16 11:34:46.302295,CUST0024,Espoo,Product_1,Clothing,41,55.98419519636667,Bank Transfer,2295.3520030510335
2025-05-16 11:34:46.302295,CUST0065,Helsinki,Product_2,Clothing,84,48.76468649032995,Cash,4096.233665187716
2025-05-16 11:34:46.302295,CUST0022,Oulu,Product_3,Home,39,47.86136392869216,Credit Card,1866.5931932189942
2025-05-16 11:34:46.302295,CUST0054,Helsinki,Product_4,Toys,23,19.50352959601132,Bank Transfer,448.5811807082603
2025-05-16 11:34:46.302295,CUST0011,Rauma,Product_5,Home,52,12.611655262155598,PayPal,655.806073632091
2025-05-16 11:34:46.302295,CUST0003,Rauma,Product_6,Books,63,77.63449617279493,Cash,4890.973258886081
2025-05-16 11:34:46.302295,CUST0035,Helsinki,Product_7,Books,69,24.657582022520554,Credit Card,1701.3731595539182
2025-05-16 11:34:46.302295,CUST0025,Oulu,Product_8,Clothing,34,21.87999619114069,PayPal,743.9198704987834
2025-05-16 11:34:46.302295,CUST0038,Helsinki,Product_9,Toys,61,90.70659078076005,Cash,5533.102037626363
2025-05-16 11:34:46.302295,CUST0019,Espoo,Product_10,Clothing,62,125.27902769631292,Cash,7767.299717171401
2025-05-17 11:34:46.302295,CUST0025,Oulu,Product_1,Electronics,75,123.01261078878002,PayPal,9225.945809158502
2025-05-17 11:34:46.302295,CUST0007,Rauma,Product_2,Electronics,94,190.78323493358957,Cash,17933.62408375742
2025-05-17 11:34:46.302295,CUST0088,Rauma,Product_3,Home,10,178.1432185543117,Cash,1781.432185543117
2025-05-17 11:34:46.302295,CUST0059,Rauma,Product_4,Home,19,103.76518850933756,PayPal,1971.5385816774137
2025-05-17 11:34:46.302295,CUST0004,Rauma,Product_5,Clothing,63,113.40825356160256,Cash,7144.7199743809615
2025-05-17 11:34:46.302295,CUST0034,Helsinki,Product_6,Books,46,85.51514981082741,PayPal,3933.696891298061
2025-05-17 11:34:46.302295,CUST0018,Tampere,Product_7,Electronics,65,58.13786231133567,Credit Card,3778.961050236818
2025-05-17 11:34:46.302295,CUST0059,Helsinki,Product_8,Home,91,109.07531459170723,Credit Card,9925.853627845358
2025-05-17 11:34:46.302295,CUST0004,Tampere,Product_9,Books,51,156.4410808720548,PayPal,7978.495124474795
2025-05-17 11:34:46.302295,CUST0073,Oulu,Product_10,Clothing,81,184.9456556080379,Cash,14980.59810425107
2025-05-18 11:34:46.302295,CUST0020,Rauma,Product_1,Clothing,6,161.94656515332363,Cash,971.6793909199419
2025-05-18 11:34:46.302295,CUST0100,Rauma,Product_2,Electronics,39,61.08216773261677,Credit Card,2382.204541572054
2025-05-18 11:34:46.302295,CUST0088,Espoo,Product_3,Clothing,28,183.89886513438637,Cash,5149.168223762818
2025-05-18 11:34:46.302295,CUST0047,Helsinki,Product_4,Books,37,136.6279790300988,Credit Card,5055.235224113656
2025-05-18 11:34:46.302295,CUST0049,Tampere,Product_5,Electronics,56,159.60093555097006,Credit Card,8937.652390854324
2025-05-18 11:34:46.302295,CUST0096,Helsinki,Product_6,Clothing,2,129.74697169667002,Credit Card,259.49394339334003
2025-05-18 11:34:46.302295,CUST0032,Tampere,Product_7,Toys,60,168.3921954873521,Credit Card,10103.531729241126
2025-05-18 11:34:46.302295,CUST0057,Rauma,Product_8,Books,40,94.08364781480167,Bank Transfer,3763.3459125920667
2025-05-18 11:34:46.302295,CUST0002,Oulu,Product_9,Electronics,37,158.95759815097753,Credit Card,5881.431131586169
2025-05-18 11:34:46.302295,CUST0012,Helsinki,Product_10,Clothing,18,166.70121509593145,Bank Transfer,3000.621871726766
2025-05-19 11:34:46.302295,CUST0078,Oulu,Product_1,Clothing,22,159.16856567818445,Bank Transfer,3501.708444920058
2025-05-19 11:34:46.302295,CUST0009,Oulu,Product_2,Toys,58,14.163532467251702,Bank Transfer,821.4848831005987
2025-05-19 11:34:46.302295,CUST0074,Espoo,Product_3,Electronics,4,122.14420523866961,Cash,488.57682095467845
2025-05-19 11:34:46.302295,CUST0003,Helsinki,Product_4,Clothing,7,20.673454696013412,Cash,144.7141828720939
2025-05-19 11:34:46.302295,CUST0086,Helsinki,Product_5,Books,54,15.379142136506879,Bank Transfer,830.4736753713714
2025-05-19 11:34:46.302295,CUST0091,Helsinki,Product_6,Toys,92,30.024711440482992,Credit Card,2762.2734525244355
2025-05-19 11:34:46.302295,CUST0055,Oulu,Product_7,Toys,55,145.4624014931731,Credit Card,8000.432082124521
2025-05-19 11:34:46.302295,CUST0041,Rauma,Product_8,Books,38,134.48300575962423,Cash,5110.354218865721
2025-05-19 11:34:46.302295,CUST0073,Tampere,Product_9,Toys,1,185.56510538088924,Bank Transfer,185.56510538088924
2025-05-19 11:34:46.302295,CUST0047,Rauma,Product_10,Toys,85,40.487896711533025,PayPal,3441.4712204803072
2025-05-20 11:34:46.302295,CUST0066,Helsinki,Product_1,Toys,5,159.43925265426094,Credit Card,797.1962632713047
2025-05-20 11:34:46.302295,CUST0023,Espoo,Product_2,Electronics,92,136.20168314790396,Bank Transfer,12530.554849607164
2025-05-20 11:34:46.302295,CUST0055,Espoo,Product_3,Home,71,146.90745424243715,Credit Card,10430.429251213038
2025-05-20 11:34:46.302295,CUST0089,Oulu,Product_4,Books,47,140.17551887615198,Cash,6588.249387179143
2025-05-20 11:34:46.302295,CUST0051,Tampere,Product_5,Electronics,35,163.11046119738828,Cash,5708.866141908589
2025-05-20 11:34:46.302295,CUST0016,Helsinki,Product_6,Home,1,68.8633063112691,Cash,68.8633063112691
2025-05-20 11:34:46.302295,CUST0072,Helsinki,Product_7,Books,60,94.2282368082633,Credit Card,5653.694208495798
2025-05-20 11:34:46.302295,CUST0097,Oulu,Product_8,Toys,23,58.42762729382764,PayPal,1343.8354277580356
2025-05-20 11:34:46.302295,CUST0027,Helsinki,Product_9,Home,61,77.21994015992284,PayPal,4710.416349755294
2025-05-20 11:34:46.302295,CUST0091,Tampere,Product_10,Books,52,175.8008024838987,Cash,9141.641729162733
2025-05-21 11:34:46.302295,CUST0025,Rauma,Product_1,Home,55,51.05142208650562,Bank Transfer,2807.828214757809
2025-05-21 11:34:46.302295,CUST0008,Oulu,Product_2,Electronics,55,191.03485323047616,Cash,10506.91692767619
2025-05-21 11:34:46.302295,CUST0064,Tampere,Product_3,Clothing,36,130.1211535732503,Cash,4684.36152863701
2025-05-21 11:34:46.302295,CUST0001,Rauma,Product_4,Clothing,49,106.07048915017218,Credit Card,5197.453968358437
2025-05-21 11:34:46.302295,CUST0013,Espoo,Product_5,Books,39,54.038882154976505,Credit Card,2107.5164040440836
2025-05-21 11:34:46.302295,CUST0059,Oulu,Product_6,Electronics,85,181.67610425218075,Credit Card,15442.468861435364
2025-05-21 11:34:46.302295,CUST0061,Espoo,Product_7,Home,6,115.14052605245665,Credit Card,690.8431563147399
2025-05-21 11:34:46.302295,CUST0067,Espoo,Product_8,Toys,35,76.28911425794648,Credit Card,2670.118999028127
2025-05-21 11:34:46.302295,CUST0071,Tampere,Product_9,Home,41,173.1751865219494,Credit Card,7100.182647399925
2025-05-21 11:34:46.302295,CUST0078,Helsinki,Product_10,Home,42,178.03154393436455,Cash,7477.324845243311
2025-05-22 11:34:46.302295,CUST0028,Tampere,Product_1,Toys,76,173.1652130763997,Cash,13160.556193806378
2025-05-22 11:34:46.302295,CUST0007,Rauma,Product_2,Electronics,67,88.75805231519053,Cash,5946.789505117766
2025-05-22 11:34:46.302295,CUST0020,Oulu,Product_3,Toys,86,66.22914888314475,PayPal,5695.706803950448
2025-05-22 11:34:46.302295,CUST0087,Helsinki,Product_4,Toys,37,88.10778568728355,Credit Card,3259.9880704294915
2025-05-22 11:34:46.302295,CUST0054,Helsinki,Product_5,Electronics,32,141.8504221969298,Cash,4539.213510301754
2025-05-22 11:34:46.302295,CUST0076,Helsinki,Product_6,Electronics,23,91.62563250514904,Credit Card,2107.389547618428
2025-05-22 11:34:46.302295,CUST0013,Espoo,Product_7,Clothing,85,146.56052739217074,Bank Transfer,12457.644828334513
2025-05-22 11:34:46.302295,CUST0037,Rauma,Product_8,Books,6,159.99211689708633,Credit Card,959.952701382518
2025-05-22 11:34:46.302295,CUST0097,Oulu,Product_9,Home,94,40.6589322005229,Cash,3821.9396268491523
2025-05-22 11:34:46.302295,CUST0009,Helsinki,Product_10,Books,33,75.59369119729476,Cash,2494.591809510727
2025-05-23 11:34:46.302295,CUST0087,Helsinki,Product_1,Electronics,32,179.26255164679787,Credit Card,5736.401652697532
2025-05-23 11:34:46.302295,CUST0038,Oulu,Product_2,Home,78,33.08412430667543,Bank Transfer,2580.561695920683
2025-05-23 11:34:46.302295,CUST0096,Rauma,Product_3,Books,36,32.498857443427056,Cash,1169.958867963374
2025-05-23 11:34:46.302295,CUST0051,Rauma,Product_4,Clothing,28,69.09047399920925,PayPal,1934.533271977859
2025-05-23 11:34:46.302295,CUST0007,Espoo,Product_5,Clothing,39,20.969110252772268,Credit Card,817.7952998581185
2025-05-23 11:34:46.302295,CUST0058,Helsinki,Product_6,Toys,19,73.77802827742133,Cash,1401.7825372710051
2025-05-23 11:34:46.302295,CUST0005,Tampere,Product_7,Toys,28,118.66331873161414,Bank Transfer,3322.572924485196
2025-05-23 11:34:46.302295,CUST0075,Tampere,Product_8,Clothing,9,88.99726966943116,Credit Card,800.9754270248804
2025-05-23 11:34:46.302295,CUST0047,Helsinki,Product_9,Clothing,62,175.57900006154142,PayPal,10885.898003815568
2025-05-23 11:34:46.302295,CUST0090,Espoo,Product_10,Electronics,67,142.32166333686038,Bank Transfer,9535.551443569646
2025-05-24 11:34:46.302295,CUST0001,Oulu,Product_1,Toys,47,153.18297984169305,Cash,7199.600052559574
2025-05-24 11:34:46.302295,CUST0076,Helsinki,Product_2,Electronics,29,105.02142289455912,Cash,3045.6212639422147
2025-05-24 11:34:46.302295,CUST0023,Rauma,Product_3,Toys,13,175.400123591183,Bank Transfer,2280.201606685379
2025-05-24 11:34:46.302295,CUST0011,Rauma,Product_4,Home,34,14.206880339799596,PayPal,483.0339315531863
2025-05-24 11:34:46.302295,CUST0012,Rauma,Product_5,Home,77,142.3591815313041,Bank Transfer,10961.656977910416
2025-05-24 11:34:46.302295,CUST0021,Rauma,Product_6,Clothing,64,187.29417453757858,Bank Transfer,11986.82717040503
2025-05-24 11:34:46.302295,CUST0008,Tampere,Product_7,Electronics,39,37.13997331472305,Bank Transfer,1448.458959274199
2025-05-24 11:34:46.302295,CUST0032,Helsinki,Product_8,Clothing,26,107.33410387626216,Credit Card,2790.6867007828164
2025-05-24 11:34:46.302295,CUST0061,Rauma,Product_9,Electronics,13,84.45328090572494,PayPal,1097.8926517744242
2025-05-24 11:34:46.302295,CUST0046,Tampere,Product_10,Home,49,138.9905677647897,PayPal,6810.537820474695
2025-05-25 11:34:46.302295,CUST0074,Helsinki,Product_1,Home,58,106.48296215216803,Bank Transfer,6176.0118048257455
2025-05-25 11:34:46.302295,CUST0081,Espoo,Product_2,Books,53,157.53296750369344,Bank Transfer,8349.247277695753
2025-05-25 11:34:46.302295,CUST0045,Espoo,Product_3,Clothing,62,160.62404157883444,Cash,9958.690577887735
2025-05-25 11:34:46.302295,CUST0067,Helsinki,Product_4,Toys,25,137.916823477361,PayPal,3447.920586934025
2025-05-25 11:34:46.302295,CUST0039,Helsinki,Product_5,Home,3,116.52887603840048,Bank Transfer,349.58662811520145
2025-05-25 11:34:46.302295,CUST0075,Oulu,Product_6,Clothing,32,145.7818422326576,Credit Card,4665.018951445043
2025-05-25 11:34:46.302295,CUST0016,Helsinki,Product_7,Electronics,16,11.89596756510538,Credit Card,190.33548104168608
2025-05-25 11:34:46.302295,CUST0039,Oulu,Product_8,Clothing,28,142.4823296202328,Credit Card,3989.5052293665185
2025-05-25 11:34:46.302295,CUST0012,Oulu,Product_9,Clothing,56,168.86236360937727,Bank Transfer,9456.292362125127
2025-05-25 11:34:46.302295,CUST0057,Rauma,Product_10,Clothing,86,170.2319718796978,Bank Transfer,14639.949581654011
2025-05-26 11:34:46.302295,CUST0068,Tampere,Product_1,Clothing,51,64.2466682225172,Cash,3276.5800793483772
2025-05-26 11:34:46.302295,CUST0098,Espoo,Product_2,Home,71,95.74588147555843,PayPal,6797.957584764649
2025-05-26 11:34:46.302295,CUST0031,Espoo,Product_3,Clothing,83,165.91376395855147,PayPal,13770.842408559773
2025-05-26 11:34:46.302295,CUST0056,Helsinki,Product_4,Books,41,177.68637658674598,Cash,7285.141440056585
2025-05-26 11:34:46.302295,CUST0045,Tampere,Product_5,Clothing,3,12.539859819285171,PayPal,37.619579457855515
2025-05-26 11:34:46.302295,CUST0001,Oulu,Product_6,Toys,46,83.68695708421694,Cash,3849.6000258739796
2025-05-26 11:34:46.302295,CUST0003,Oulu,Product_7,Books,18,181.33706542378346,PayPal,3264.0671776281024
2025-05-26 11:34:46.302295,CUST0026,Rauma,Product_8,Books,48,49.51170826498409,Bank Transfer,2376.561996719236
2025-05-26 11:34:46.302295,CUST0082,Rauma,Product_9,Toys,8,176.69658609523935,PayPal,1413.5726887619148
2025-05-26 11:34:46.302295,CUST0017,Tampere,Product_10,Home,76,44.527425713349736,Cash,3384.08435421458
2025-05-27 11:34:46.302295,CUST0078,Oulu,Product_1,Home,36,171.1062979150362,PayPal,6159.826724941304
2025-05-27 11:34:46.302295,CUST0011,Rauma,Product_2,Books,57,196.5243950790169,Credit Card,11201.890519503962
2025-05-27 11:34:46.302295,CUST0079,Rauma,Product_3,Electronics,82,81.33909640863507,Cash,6669.805905508076
2025-05-27 11:34:46.302295,CUST0017,Oulu,Product_4,Home,45,197.9513732519725,Cash,8907.811796338763
2025-05-27 11:34:46.302295,CUST0024,Tampere,Product_5,Toys,20,199.46464724156058,PayPal,3989.2929448312116
2025-05-27 11:34:46.302295,CUST0041,Espoo,Product_6,Clothing,93,94.81350915000701,Credit Card,8817.656350950652
2025-05-27 11:34:46.302295,CUST0076,Espoo,Product_7,Clothing,3,76.59890151437074,Cash,229.7967045431122
2025-05-27 11:34:46.302295,CUST0011,Espoo,Product_8,Electronics,64,125.59769781720337,Cash,8038.252660301016
2025-05-27 11:34:46.302295,CUST0094,Helsinki,Product_9,Clothing,55,80.2190978910869,Credit Card,4412.05038400978
2025-05-27 11:34:46.302295,CUST0015,Espoo,Product_10,Electronics,60,147.32017292537287,PayPal,8839.210375522372
2025-05-28 11:34:46.302295,CUST0046,Helsinki,Product_1,Electronics,95,144.6654744935393,Bank Transfer,13743.220076886235
2025-05-28 11:34:46.302295,CUST0004,Rauma,Product_2,Electronics,91,82.05304206428531,Credit Card,7466.826827849963
2025-05-28 11:34:46.302295,CUST0066,Espoo,Product_3,Electronics,2,135.72001479597273,Credit Card,271.44002959194546
2025-05-28 11:34:46.302295,CUST0042,Oulu,Product_4,Home,49,80.91581971205443,PayPal,3964.875165890667
2025-05-28 11:34:46.302295,CUST0087,Tampere,Product_5,Electronics,31,162.85398206204624,Credit Card,5048.4734439234335
2025-05-28 11:34:46.302295,CUST0060,Helsinki,Product_6,Clothing,61,29.698930339512533,Credit Card,1811.6347507102646
2025-05-28 11:34:46.302295,CUST0081,Espoo,Product_7,Clothing,48,22.628031897491702,Credit Card,1086.1455310796018
2025-05-28 11:34:46.302295,CUST0076,Tampere,Product_8,Books,8,90.95348574895843,Cash,727.6278859916674
2025-05-28 11:34:46.302295,CUST0033,Espoo,Product_9,Toys,58,158.57239566001223,PayPal,9197.19894828071
2025-05-28 11:34:46.302295,CUST0056,Tampere,Product_10,Toys,45,76.53856830723875,Cash,3444.235573825744
2025-05-29 11:34:46.302295,CUST0009,Tampere,Product_1,Clothing,96,108.42153261687872,PayPal,10408.467131220357
2025-05-29 11:34:46.302295,CUST0023,Helsinki,Product_2,Electronics,81,12.779369186758386,Bank Transfer,1035.1289041274292
2025-05-29 11:34:46.302295,CUST0066,Oulu,Product_3,Toys,83,127.89001915987441,Credit Card,10614.871590269577
2025-05-29 11:34:46.302295,CUST0030,Helsinki,Product_4,Clothing,29,83.45783280042849,Bank Transfer,2420.2771512124264
2025-05-29 11:34:46.302295,CUST0020,Tampere,Product_5,Toys,92,47.045287981054955,PayPal,4328.166494257056
2025-05-29 11:34:46.302295,CUST0061,Oulu,Product_6,Toys,92,84.24347894263104,Cash,7750.400062722056
2025-05-29 11:34:46.302295,CUST0038,Espoo,Product_7,Home,58,182.56341285306135,Bank Transfer,10588.677945477559
2025-05-29 11:34:46.302295,CUST0084,Oulu,Product_8,Clothing,87,125.02823392644157,Cash,10877.456351600416
2025-05-29 11:34:46.302295,CUST0060,Espoo,Product_9,Toys,21,134.285220035296,Bank Transfer,2819.9896207412157
2025-05-29 11:34:46.302295,CUST0085,Espoo,Product_10,Home,36,171.99114143828513,Credit Card,6191.681091778264
2025-05-30 11:34:46.302295,CUST0084,Rauma,Product_1,Electronics,86,154.07078549065125,Credit Card,13250.087552196008
2025-05-30 11:34:46.302295,CUST0005,Rauma,Product_2,Electronics,76,100.04503182205951,Credit Card,7603.422418476523
2025-05-30 11:34:46.302295,CUST0035,Oulu,Product_3,Home,13,145.42775848119788,Bank Transfer,1890.5608602555726
2025-05-30 11:34:46.302295,CUST0014,Helsinki,Product_4,Electronics,16,48.42829429966164,Credit Card,774.8527087945862
2025-05-30 11:34:46.302295,CUST0013,Espoo,Product_5,Books,59,45.22082802567718,Credit Card,2668.0288535149534
2025-05-30 11:34:46.302295,CUST0059,Oulu,Product_6,Books,59,173.6876043731098,Bank Transfer,10247.568658013477
2025-05-30 11:34:46.302295,CUST0085,Rauma,Product_7,Books,94,182.48931763787147,Credit Card,17153.99585795992
2025-05-30 11:34:46.302295,CUST0009,Tampere,Product_8,Home,44,151.69314202446395,Cash,6674.498249076414
2025-05-30 11:34:46.302295,CUST0079,Helsinki,Product_9,Books,80,24.624617182366073,Bank Transfer,1969.969374589286
2025-05-30 11:34:46.302295,CUST0086,Helsinki,Product_10,Toys,2,35.39361046799842,PayPal,70.78722093599684
2025-05-31 11:34:46.302295,CUST0063,Rauma,Product_1,Books,90,95.64749393840913,Cash,8608.274454456821
2025-05-31 11:34:46.302295,CUST0090,Oulu,Product_2,Home,62,161.28587560286002,Credit Card,9999.724287377321
2025-05-31 11:34:46.302295,CUST0004,Tampere,Product_3,Toys,62,141.54819526760105,Credit Card,8775.988106591265
2025-05-31 11:34:46.302295,CUST0085,Helsinki,Product_4,Home,67,188.4230110955554,Credit Card,12624.341743402212
2025-05-31 11:34:46.302295,CUST0027,Tampere,Product_5,Electronics,94,52.7579564724657,Bank Transfer,4959.247908411776
2025-05-31 11:34:46.302295,CUST0040,Oulu,Product_6,Home,94,61.2072538355318,PayPal,5753.48186053999
2025-05-31 11:34:46.302295,CUST0098,Oulu,Product_7,Home,28,97.99179562912718,Bank Transfer,2743.770277615561
2025-05-31 11:34:46.302295,CUST0051,Espoo,Product_8,Clothing,13,134.39472431769684,Bank Transfer,1747.1314161300588
2025-05-31 11:34:46.302295,CUST0034,Tampere,Product_9,Home,7,60.28065511581789,PayPal,421.9645858107252
2025-05-31 11:34:46.302295,CUST0048,Helsinki,Product_10,Toys,53,164.83854842270244,Bank Transfer,8736.44306640323
2025-06-01 11:34:46.302295,CUST0004,Espoo,Product_1,Home,4,97.6893562418353,Credit Card,390.7574249673412
2025-06-01 11:34:46.302295,CUST0034,Tampere,Product_2,Books,70,159.47458473438874,Credit Card,11163.220931407212
2025-06-01 11:34:46.302295,CUST0076,Rauma,Product_3,Home,84,79.98597062092675,Bank Transfer,6718.821532157847
2025-06-01 11:34:46.302295,CUST0050,Espoo,Product_4,Electronics,28,51.273868426072056,Bank Transfer,1435.6683159300176
2025-06-01 11:34:46.302295,CUST0081,Rauma,Product_5,Electronics,37,59.31952536225935,Cash,2194.8224384035957
2025-06-01 11:34:46.302295,CUST0051,Oulu,Product_6,Home,70,88.89578474346769,Cash,6222.704932042738
2025-06-01 11:34:46.302295,CUST0066,Oulu,Product_7,Books,96,56.24536981152079,Credit Card,5399.555501905996
2025-06-01 11:34:46.302295,CUST0088,Espoo,Product_8,Clothing,5,129.7075769111966,Cash,648.537884555983
2025-06-01 11:34:46.302295,CUST0099,Rauma,Product_9,Toys,46,136.70100434807503,Bank Transfer,6288.246200011451
2025-06-01 11:34:46.302295,CUST0089,Helsinki,Product_10,Home,6,91.5071370497692,Credit Card,549.0428222986152
2025-06-02 11:34:46.302295,CUST0079,Helsinki,Product_1,Toys,59,107.69819760177445,Credit Card,6354.193658504692
2025-06-02 11:34:46.302295,CUST0054,Tampere,Product_2,Toys,29,92.91972375862267,PayPal,2694.6719890000572
2025-06-02 11:34:46.302295,CUST0002,Oulu,Product_3,Books,77,166.82897618355014,Cash,12845.831166133361
2025-06-02 11:34:46.302295,CUST0048,Espoo,Product_4,Clothing,2,152.12089991056664,Credit Card,304.24179982113327
2025-06-02 11:34:46.302295,CUST0084,Tampere,Product_5,Books,97,119.5734557829737,Credit Card,11598.625210948449
2025-06-02 11:34:46.302295,CUST0033,Espoo,Product_6,Books,38,28.034407996117245,PayPal,1065.3075038524553
2025-06-02 11:34:46.302295,CUST0080,Tampere,Product_7,Clothing,20,181.58780829654228,Bank Transfer,3631.756165930846
2025-06-02 11:34:46.302295,CUST0019,Rauma,Product_8,Home,61,152.15494328928082,Bank Transfer,9281.45154064613
2025-06-02 11:34:46.302295,CUST0077,Rauma,Product_9,Toys,96,138.10917998123483,PayPal,13258.481278198544
2025-06-02 11:34:46.302295,CUST0076,Helsinki,Product_10,Electronics,67,199.54937650640974,Bank Transfer,13369.808225929453
2025-06-03 11:34:46.302295,CUST0011,Rauma,Product_1,Home,35,118.52083673824859,Credit Card,4148.229285838701
2025-06-03 11:34:46.302295,CUST0021,Tampere,Product_2,Electronics,16,88.12638841897133,Cash,1410.0222147035413
2025-06-03 11:34:46.302295,CUST0005,Oulu,Product_3,Toys,35,14.260918940790473,Cash,499.13216292766657
2025-06-03 11:34:46.302295,CUST0050,Tampere,Product_4,Clothing,59,171.3440110453238,Credit Card,10109.296651674105
2025-06-03 11:34:46.302295,CUST0061,Rauma,Product_5,Clothing,54,117.57433133276346,Bank Transfer,6349.013891969227
2025-06-03 11:34:46.302295,CUST0067,Oulu,Product_6,Electronics,48,69.3173099613447,PayPal,3327.230878144546
2025-06-03 11:34:46.302295,CUST0086,Rauma,Product_7,Clothing,86,12.732474753696154,PayPal,1094.9928288178692
2025-06-03 11:34:46.302295,CUST0014,Helsinki,Product_8,Books,78,184.1546273120581,PayPal,14364.06093034053
2025-06-03 11:34:46.302295,CUST0093,Oulu,Product_9,Clothing,49,154.8374986551824,Bank Transfer,7587.037434103938
2025-06-03 11:34:46.302295,CUST0027,Helsinki,Product_10,Electronics,32,35.2024697441811,PayPal,1126.4790318137952
2025-06-04 11:34:46.302295,CUST0038,Tampere,Product_1,Books,58,117.04511663540163,PayPal,6788.616764853295
2025-06-04 11:34:46.302295,CUST0018,Oulu,Product_2,Home,80,88.81487268389998,Bank Transfer,7105.189814711998
2025-06-04 11:34:46.302295,CUST0063,Rauma,Product_3,Toys,10,84.21278544053861,Cash,842.1278544053861
2025-06-04 11:34:46.302295,CUST0009,Rauma,Product_4,Clothing,68,198.2290398424955,Credit Card,13479.574709289695
2025-06-04 11:34:46.302295,CUST0042,Tampere,Product_5,Toys,19,94.03582303571571,Bank Transfer,1786.6806376785985
2025-06-04 11:34:46.302295,CUST0070,Oulu,Product_6,Books,74,36.302743732584915,PayPal,2686.4030362112835
2025-06-04 11:34:46.302295,CUST0042,Helsinki,Product_7,Toys,25,53.486337871864805,Credit Card,1337.1584467966202
2025-06-04 11:34:46.302295,CUST0005,Helsinki,Product_8,Electronics,83,174.9980497088626,Bank Transfer,14524.838125835595
2025-06-04 11:34:46.302295,CUST0098,Oulu,Product_9,Clothing,11,186.53650880293793,Bank Transfer,2051.9015968323174
2025-06-04 11:34:46.302295,CUST0043,Rauma,Product_10,Clothing,55,127.52014115645527,Bank Transfer,7013.6077636050395
2025-06-05 11:34:46.302295,CUST0002,Espoo,Product_1,Books,63,50.21082072827363,PayPal,3163.281705881239
2025-06-05 11:34:46.302295,CUST0068,Tampere,Product_2,Electronics,51,94.18127884278,Cash,4803.24522098178
2025-06-05 11:34:46.302295,CUST0090,Helsinki,Product_3,Books,50,133.40669664441498,Credit Card,6670.334832220749
2025-06-05 11:34:46.302295,CUST0004,Espoo,Product_4,Books,42,145.86903064390302,PayPal,6126.499287043926
2025-06-05 11:34:46.302295,CUST0026,Oulu,Product_5,Toys,25,105.76071508330195,Bank Transfer,2644.0178770825487
2025-06-05 11:34:46.302295,CUST0056,Rauma,Product_6,Home,32,96.4052250850056,PayPal,3084.967202720179
2025-06-05 11:34:46.302295,CUST0042,Tampere,Product_7,Clothing,18,78.86195129700754,Bank Transfer,1419.5151233461356
2025-06-05 11:34:46.302295,CUST0003,Tampere,Product_8,Toys,54,80.89329750025288,PayPal,4368.238065013656
2025-06-05 11:34:46.302295,CUST0001,Rauma,Product_9,Home,87,185.75896331517276,Cash,16161.029808420031
2025-06-05 11:34:46.302295,CUST0053,Rauma,Product_10,Home,44,105.06829478095652,Cash,4623.004970362087
2025-06-06 11:34:46.302295,CUST0088,Tampere,Product_1,Books,41,132.4087774936542,Bank Transfer,5428.759877239822
2025-06-06 11:34:46.302295,CUST0058,Espoo,Product_2,Clothing,89,133.24140178607496,PayPal,11858.48475896067
2025-06-06 11:34:46.302295,CUST0095,Oulu,Product_3,Clothing,74,115.3906648582164,PayPal,8538.909199508013
2025-06-06 11:34:46.302295,CUST0022,Tampere,Product_4,Books,65,130.82866209707507,Cash,8503.86303630988
2025-06-06 11:34:46.302295,CUST0075,Rauma,Product_5,Clothing,4,88.62721841095122,PayPal,354.50887364380486
2025-06-06 11:34:46.302295,CUST0066,Oulu,Product_6,Home,76,18.045032966752927,Credit Card,1371.4225054732224
2025-06-06 11:34:46.302295,CUST0050,Rauma,Product_7,Books,47,96.05310335084604,Cash,4514.495857489764
2025-06-06 11:34:46.302295,CUST0080,Helsinki,Product_8,Clothing,46,42.2484014296154,Credit Card,1943.4264657623085
2025-06-06 11:34:46.302295,CUST0036,Oulu,Product_9,Books,20,140.2251152547411,Bank Transfer,2804.502305094822
2025-06-06 11:34:46.302295,CUST0037,Helsinki,Product_10,Toys,33,125.84251077899702,PayPal,4152.802855706902
2025-06-07 11:34:46.302295,CUST0077,Oulu,Product_1,Clothing,43,96.18000998533849,Credit Card,4135.7404293695545
2025-06-07 11:34:46.302295,CUST0093,Rauma,Product_2,Electronics,40,162.53407761665508,Cash,6501.363104666203
2025-06-07 11:34:46.302295,CUST0043,Espoo,Product_3,Toys,94,182.94047662487375,Cash,17196.404802738132
2025-06-07 11:34:46.302295,CUST0014,Espoo,Product_4,Clothing,28,102.81417020538201,Credit Card,2878.7967657506965
2025-06-07 11:34:46.302295,CUST0064,Helsinki,Product_5,Books,94,177.50697157681955,Bank Transfer,16685.655328221037
2025-06-07 11:34:46.302295,CUST0034,Espoo,Product_6,Books,66,118.79537424758426,Cash,7840.494700340561
2025-06-07 11:34:46.302295,CUST0093,Espoo,Product_7,Electronics,66,185.04842732046535,Bank Transfer,12213.196203150714
2025-06-07 11:34:46.302295,CUST0070,Helsinki,Product_8,Home,26,150.70729741930688,Credit Card,3918.389732901979
2025-06-07 11:34:46.302295,CUST0022,Oulu,Product_9,Clothing,40,122.87572830824536,Credit Card,4915.029132329814
2025-06-07 11:34:46.302295,CUST0084,Tampere,Product_10,Electronics,20,16.031315420867838,PayPal,320.62630841735677
2025-06-08 11:34:46.302295,CUST0040,Espoo,Product_1,Clothing,40,53.85098424604104,Credit Card,2154.0393698416415
2025-06-08 11:34:46.302295,CUST0044,Helsinki,Product_2,Home,81,125.30092155262643,Bank Transfer,10149.37464576274
2025-06-08 11:34:46.302295,CUST0013,Tampere,Product_3,Home,55,177.7538151385572,Cash,9776.459832620647
2025-06-08 11:34:46.302295,CUST0024,Tampere,Product_4,Clothing,62,123.38751979272102,Cash,7650.026227148704
2025-06-08 11:34:46.302295,CUST0006,Espoo,Product_5,Toys,80,173.96939795818568,Bank Transfer,13917.551836654855
2025-06-08 11:34:46.302295,CUST0080,Tampere,Product_6,Books,56,47.364181141062154,PayPal,2652.3941438994807
2025-06-08 11:34:46.302295,CUST0021,Rauma,Product_7,Books,53,162.01395209460492,PayPal,8586.73946101406
2025-06-08 11:34:46.302295,CUST0004,Tampere,Product_8,Clothing,73,199.4752009816845,PayPal,14561.689671662969
2025-06-08 11:34:46.302295,CUST0081,Helsinki,Product_9,Toys,84,51.08313173427814,Cash,4290.983065679364
2025-06-08 11:34:46.302295,CUST0065,Helsinki,Product_10,Electronics,81,128.29980138374503,Bank Transfer,10392.283912083349
2025-06-09 11:34:46.302295,CUST0099,Tampere,Product_1,Books,57,98.35180833002124,PayPal,5606.0530748112105
2025-06-09 11:34:46.302295,CUST0009,Espoo,Product_2,Books,95,157.42319123338814,PayPal,14955.203167171872
2025-06-09 11:34:46.302295,CUST0075,Tampere,Product_3,Toys,20,76.0263456607844,Credit Card,1520.526913215688
2025-06-09 11:34:46.302295,CUST0030,Rauma,Product_4,Home,53,195.3151953610234,Cash,10351.70535413424
2025-06-09 11:34:46.302295,CUST0049,Tampere,Product_5,Books,49,137.16863574075705,Credit Card,6721.263151297096
2025-06-09 11:34:46.302295,CUST0007,Tampere,Product_6,Electronics,42,188.2133939724399,Cash,7904.962546842476
2025-06-09 11:34:46.302295,CUST0010,Helsinki,Product_7,Electronics,19,114.85665592002528,PayPal,2182.2764624804804
2025-06-09 11:34:46.302295,CUST0034,Rauma,Product_8,Home,98,23.496628918360404,PayPal,2302.6696339993196
2025-06-09 11:34:46.302295,CUST0012,Rauma,Product_9,Toys,58,53.57949763715775,PayPal,3107.6108629551495
2025-06-09 11:34:46.302295,CUST0010,Rauma,Product_10,Toys,20,20.492278941175407,Bank Transfer,409.84557882350816
2025-06-10 11:34:46.302295,CUST0012,Oulu,Product_1,Toys,88,29.185840295374607,Credit Card,2568.3539459929652
2025-06-10 11:34:46.302295,CUST0078,Tampere,Product_2,Home,52,93.30677589760985,Bank Transfer,4851.952346675713
2025-06-10 11:34:46.302295,CUST0012,Tampere,Product_3,Toys,84,194.88459160333667,Bank Transfer,16370.30569468028
2025-06-10 11:34:46.302295,CUST0051,Rauma,Product_4,Toys,40,31.741988536348128,PayPal,1269.6795414539251
2025-06-10 11:34:46.302295,CUST0025,Rauma,Product_5,Clothing,56,39.55857300516744,Bank Transfer,2215.2800882893766
2025-06-10 11:34:46.302295,CUST0062,Rauma,Product_6,Clothing,11,71.98824442781789,PayPal,791.8706887059968
2025-06-10 11:34:46.302295,CUST0013,Helsinki,Product_7,Toys,8,51.74429017436608,PayPal,413.9543213949286
2025-06-10 11:34:46.302295,CUST0067,Tampere,Product_8,Home,56,34.63900586260472,Credit Card,1939.7843283058642
2025-06-10 11:34:46.302295,CUST0065,Oulu,Product_9,Electronics,39,79.46318319075368,PayPal,3099.0641444393937
2025-06-10 11:34:46.302295,CUST0099,Espoo,Product_10,Books,36,138.05889954768878,PayPal,4970.120383716796
2025-06-11 11:34:46.302295,CUST0065,Espoo,Product_1,Electronics,96,195.32092265781995,Cash,18750.808575150717
2025-06-11 11:34:46.302295,CUST0055,Oulu,Product_2,Books,26,163.71449165541853,PayPal,4256.576783040881
2025-06-11 11:34:46.302295,CUST0007,Helsinki,Product_3,Home,95,157.59263310657872,Bank Transfer,14971.300145124978
2025-06-11 11:34:46.302295,CUST0082,Helsinki,Product_4,Home,38,174.28519515304663,PayPal,6622.837415815772
2025-06-11 11:34:46.302295,CUST0086,Rauma,Product_5,Toys,87,28.730756134258343,Bank Transfer,2499.575783680476
2025-06-11 11:34:46.302295,CUST0044,Tampere,Product_6,Home,31,67.45970714292191,Credit Card,2091.250921430579
2025-06-11 11:34:46.302295,CUST0039,Rauma,Product_7,Toys,92,127.27157311680115,PayPal,11708.984726745706
2025-06-11 11:34:46.302295,CUST0038,Espoo,Product_8,Clothing,62,36.0582127490212,Credit Card,2235.6091904393147
2025-06-11 11:34:46.302295,CUST0018,Espoo,Product_9,Books,10,106.04666447407415,Credit Card,1060.4666447407415
2025-06-11 11:34:46.302295,CUST0075,Oulu,Product_10,Clothing,24,128.55971225050666,Cash,3085.43309401216
2025-06-12 11:34:46.302295,CUST0037,Helsinki,Product_1,Home,60,102.68852052336237,Bank Transfer,6161.311231401743
2025-06-12 11:34:46.302295,CUST0080,Espoo,Product_2,Electronics,17,93.93183341116435,PayPal,1596.841167989794
2025-06-12 11:34:46.302295,CUST0026,Espoo,Product_3,Books,95,68.22805892813585,Bank Transfer,6481.665598172905
2025-06-12 11:34:46.302295,CUST0032,Rauma,Product_4,Toys,57,145.88542640824582,Bank Transfer,8315.469305270011
2025-06-12 11:34:46.302295,CUST0090,Helsinki,Product_5,Home,53,89.53538223448268,PayPal,4745.375258427583
2025-06-12 11:34:46.302295,CUST0018,Helsinki,Product_6,Home,9,46.23793764226998,PayPal,416.14143878042984
2025-06-12 11:34:46.302295,CUST0076,Helsinki,Product_7,Books,89,119.11463926714009,Cash,10601.202894775468
2025-06-12 11:34:46.302295,CUST0088,Espoo,Product_8,Electronics,76,157.63936427383368,Cash,11980.59168481136
2025-06-12 11:34:46.302295,CUST0029,Tampere,Product_9,Toys,15,47.85673133757967,Bank Transfer,717.8509700636951
2025-06-12 11:34:46.302295,CUST0072,Rauma,Product_10,Electronics,79,112.22431401914156,PayPal,8865.720807512183
2025-06-13 11:34:46.302295,CUST0062,Espoo,Product_1,Home,39,116.885488241879,PayPal,4558.534041433281
2025-06-13 11:34:46.302295,CUST0014,Rauma,Product_2,Books,32,179.008669098315,Credit Card,5728.27741114608
2025-06-13 11:34:46.302295,CUST0075,Tampere,Product_3,Home,20,13.006402679395954,Cash,260.1280535879191
2025-06-13 11:34:46.302295,CUST0042,Helsinki,Product_4,Toys,85,102.98458210725185,PayPal,8753.689479116407
2025-06-13 11:34:46.302295,CUST0096,Oulu,Product_5,Toys,80,134.65045417538374,Bank Transfer,10772.0363340307
2025-06-13 11:34:46.302295,CUST0096,Tampere,Product_6,Electronics,76,101.80436402959701,PayPal,7737.131666249373
2025-06-13 11:34:46.302295,CUST0086,Espoo,Product_7,Electronics,83,135.03569110234616,Credit Card,11207.962361494732
2025-06-13 11:34:46.302295,CUST0022,Espoo,Product_8,Electronics,99,161.94640358755672,Bank Transfer,16032.693955168115
2025-06-13 11:34:46.302295,CUST0026,Helsinki,Product_9,Toys,16,72.3642900788845,Cash,1157.828641262152
2025-06-13 11:34:46.302295,CUST0094,Oulu,Product_10,Clothing,68,89.06761985171528,Credit Card,6056.598149916639
2025-06-14 11:34:46.302295,CUST0026,Oulu,Product_1,Books,96,33.940385294158915,Credit Card,3258.276988239256
2025-06-14 11:34:46.302295,CUST0057,Espoo,Product_2,Home,13,179.07790802996246,Bank Transfer,2328.012804389512
2025-06-14 11:34:46.302295,CUST0014,Oulu,Product_3,Books,6,117.86819040690037,Cash,707.2091424414023
2025-06-14 11:34:46.302295,CUST0081,Espoo,Product_4,Home,60,103.02864778954651,Bank Transfer,6181.718867372791
2025-06-14 11:34:46.302295,CUST0010,Espoo,Product_5,Books,95,86.52740831425098,Credit Card,8220.103789853843
2025-06-14 11:34:46.302295,CUST0017,Rauma,Product_6,Books,39,187.14132406348673,PayPal,7298.511638475983
2025-06-14 11:34:46.302295,CUST0074,Oulu,Product_7,Home,77,135.71677932954591,Cash,10450.192008375036
2025-06-14 11:34:46.302295,CUST0031,Espoo,Product_8,Home,63,118.46670919950049,Bank Transfer,7463.40267956853
2025-06-14 11:34:46.302295,CUST0034,Oulu,Product_9,Books,92,41.40743436621264,Bank Transfer,3809.483961691563
2025-06-14 11:34:46.302295,CUST0070,Tampere,Product_10,Home,67,51.55486206148081,Cash,3454.175758119214
2025-06-15 11:34:46.302295,CUST0012,Tampere,Product_1,Home,98,181.60624797854152,Bank Transfer,17797.412301897068
2025-06-15 11:34:46.302295,CUST0080,Rauma,Product_2,Electronics,96,186.15351855424538,PayPal,17870.737781207557
2025-06-15 11:34:46.302295,CUST0094,Helsinki,Product_3,Electronics,72,116.16552947863555,Cash,8363.918122461759
2025-06-15 11:34:46.302295,CUST0071,Helsinki,Product_4,Books,62,37.170213306488016,Credit Card,2304.553225002257
2025-06-15 11:34:46.302295,CUST0066,Oulu,Product_5,Electronics,78,58.03170436299687,Bank Transfer,4526.472940313756
2025-06-15 11:34:46.302295,CUST0065,Helsinki,Product_6,Clothing,10,79.80423845244339,Bank Transfer,798.0423845244338
2025-06-15 11:34:46.302295,CUST0075,Espoo,Product_7,Toys,59,74.12126187823065,Credit Card,4373.1544508156085
2025-06-15 11:34:46.302295,CUST0017,Oulu,Product_8,Electronics,59,170.57296178424662,Cash,10063.80474527055
2025-06-15 11:34:46.302295,CUST0085,Oulu,Product_9,Home,69,43.273396624767116,Credit Card,2985.864367108931
2025-06-15 11:34:46.302295,CUST0060,Espoo,Product_10,Toys,89,14.795095711170198,PayPal,1316.7635182941476
2025-06-16 11:34:46.302295,CUST0088,Rauma,Product_1,Toys,31,51.45943156491273,Cash,1595.2423785122946
2025-06-16 11:34:46.302295,CUST0089,Rauma,Product_2,Books,84,57.43710102064373,PayPal,4824.716485734073
2025-06-16 11:34:46.302295,CUST0009,Espoo,Product_3,Toys,22,152.81847268435465,PayPal,3362.0063990558024
2025-06-16 11:34:46.302295,CUST0081,Tampere,Product_4,Home,45,175.42711648384835,PayPal,7894.220241773176
2025-06-16 11:34:46.302295,CUST0067,Oulu,Product_5,Clothing,49,129.19249766722882,Bank Transfer,6330.432385694212
2025-06-16 11:34:46.302295,CUST0070,Oulu,Product_6,Home,77,54.09059054321964,Credit Card,4164.975471827913
2025-06-16 11:34:46.302295,CUST0072,Tampere,Product_7,Books,36,97.08148297163933,PayPal,3494.933386979016
2025-06-16 11:34:46.302295,CUST0084,Oulu,Product_8,Books,15,47.9060098366256,Bank Transfer,718.590147549384
2025-06-16 11:34:46.302295,CUST0048,Espoo,Product_9,Books,24,102.36479219083557,PayPal,2456.7550125800535
2025-06-16 11:34:46.302295,CUST0041,Rauma,Product_10,Electronics,91,17.611232619631952,Bank Transfer,1602.6221683865076
2025-06-17 11:34:46.302295,CUST0040,Espoo,Product_1,Toys,46,125.88889613324983,PayPal,5790.889222129492
2025-06-17 11:34:46.302295,CUST0061,Tampere,Product_2,Home,59,55.2478641964823,Credit Card,3259.6239875924557
2025-06-17 11:34:46.302295,CUST0099,Tampere,Product_3,Toys,59,122.09009773234366,Credit Card,7203.315766208276
2025-06-17 11:34:46.302295,CUST0097,Oulu,Product_4,Clothing,28,154.50937206650363,Credit Card,4326.262417862102
2025-06-17 11:34:46.302295,CUST0017,Helsinki,Product_5,Clothing,16,126.89819412365866,Cash,2030.3711059785385
2025-06-17 11:34:46.302295,CUST0009,Tampere,Product_6,Books,82,107.45521130720549,Bank Transfer,8811.32732719085
2025-06-17 11:34:46.302295,CUST0030,Oulu,Product_7,Home,30,199.91596361758332,Bank Transfer,5997.4789085275
2025-06-17 11:34:46.302295,CUST0091,Helsinki,Product_8,Clothing,96,81.40295301075639,Bank Transfer,7814.683489032614
2025-06-17 11:34:46.302295,CUST0066,Tampere,Product_9,Toys,94,100.38068542208215,PayPal,9435.784429675723
2025-06-17 11:34:46.302295,CUST0026,Espoo,Product_10,Toys,43,15.788100398702424,Cash,678.8883171442043
2025-06-18 11:34:46.302295,CUST0018,Espoo,Product_1,Clothing,21,18.63597508280123,Cash,391.35547673882587
2025-06-18 11:34:46.302295,CUST0043,Espoo,Product_2,Books,81,107.01034391731638,Credit Card,8667.837857302626
2025-06-18 11:34:46.302295,CUST0033,Rauma,Product_3,Clothing,15,183.01508627074014,Cash,2745.226294061102
2025-06-18 11:34:46.302295,CUST0096,Tampere,Product_4,Toys,74,156.97502095432856,Credit Card,11616.151550620314
2025-06-18 11:34:46.302295,CUST0037,Rauma,Product_5,Electronics,53,19.546171866366606,Cash,1035.9471089174301
2025-06-18 11:34:46.302295,CUST0090,Tampere,Product_6,Electronics,52,62.90943849623494,Credit Card,3271.290801804217
2025-06-18 11:34:46.302295,CUST0051,Tampere,Product_7,Books,57,93.25393651718545,Bank Transfer,5315.474381479571
2025-06-18 11:34:46.302295,CUST0080,Rauma,Product_8,Toys,54,199.31567579902054,Cash,10763.046493147109
2025-06-18 11:34:46.302295,CUST0021,Oulu,Product_9,Electronics,44,14.744615802239423,PayPal,648.7630952985346
2025-06-18 11:34:46.302295,CUST0031,Oulu,Product_10,Clothing,98,50.945144184834696,Credit Card,4992.6241301138
2025-06-19 11:34:46.302295,CUST0033,Espoo,Product_1,Books,32,19.426730934379115,Cash,621.6553899001317
2025-06-19 11:34:46.302295,CUST0029,Rauma,Product_2,Home,97,156.94239907862743,Bank Transfer,15223.41271062686
2025-06-19 11:34:46.302295,CUST0066,Tampere,Product_3,Electronics,57,45.93642900436708,Cash,2618.3764532489236
2025-06-19 11:34:46.302295,CUST0043,Espoo,Product_4,Clothing,27,42.96424956745418,Credit Card,1160.034738321263
2025-06-19 11:34:46.302295,CUST0072,Rauma,Product_5,Toys,65,126.04643883015734,Bank Transfer,8193.018523960227
2025-06-19 11:34:46.302295,CUST0065,Helsinki,Product_6,Home,42,84.49777961186881,Credit Card,3548.90674369849
2025-06-19 11:34:46.302295,CUST0092,Tampere,Product_7,Books,11,118.00833071650858,Bank Transfer,1298.0916378815944
2025-06-19 11:34:46.302295,CUST0063,Oulu,Product_8,Books,95,156.82656973636503,Cash,14898.524124954678
2025-06-19 11:34:46.302295,CUST0021,Espoo,Product_9,Books,32,115.72667910683671,Cash,3703.253731418775
2025-06-19 11:34:46.302295,CUST0100,Tampere,Product_10,Books,85,117.49849541978931,PayPal,9987.37211068209
2025-06-20 11:34:46.302295,CUST0042,Espoo,Product_1,Home,23,186.19748431139647,Bank Transfer,4282.5421391621185
2025-06-20 11:34:46.302295,CUST0058,Helsinki,Product_2,Electronics,86,22.571385878543687,Credit Card,1941.139185554757
2025-06-20 11:34:46.302295,CUST0095,Oulu,Product_3,Books,37,152.39094113635363,Credit Card,5638.4648220450845
2025-06-20 11:34:46.302295,CUST0084,Rauma,Product_4,Toys,54,26.634246165278316,Cash,1438.249292925029
2025-06-20 11:34:46.302295,CUST0036,Tampere,Product_5,Electronics,49,54.54086400218779,PayPal,2672.5023361072017
2025-06-20 11:34:46.302295,CUST0062,Tampere,Product_6,Clothing,11,65.57812084048788,Bank Transfer,721.3593292453668
2025-06-20 11:34:46.302295,CUST0037,Helsinki,Product_7,Clothing,21,192.6835416690813,Credit Card,4046.3543750507074
2025-06-20 11:34:46.302295,CUST0056,Helsinki,Product_8,Clothing,63,17.884841764785094,Bank Transfer,1126.745031181461
2025-06-20 11:34:46.302295,CUST0026,Tampere,Product_9,Electronics,28,123.48555986715917,Bank Transfer,3457.5956762804567
2025-06-20 11:34:46.302295,CUST0070,Rauma,Product_10,Clothing,6,138.9149939756012,Bank Transfer,833.4899638536072
